were_here_count,can_checkin,rating_count,fan_count,overall_star_rating,talking_about_count,checkins,name,category,location,id
4248,TRUE,110,2932,4.6,88,4248,Abbey House Museum,History Museum,"{'city': 'Leeds', 'country': 'United Kingdom', 'latitude': 53.822391757442, 'longitude': -1.6065573692322, 'street': 'Abbey Walk Kirkstall Leeds', 'zip': 'LS5 3EH'}",121166961271543
4,TRUE,1,1235,5,12,4,Abbot Hall Art Gallery,Art Gallery,"{'city': 'Kendal', 'country': 'United Kingdom', 'latitude': 54.323250260779, 'longitude': -2.7449834346771, 'street': 'Abbot Hall Art Gallery, 9 Church Walk', 'zip': 'LA9 5AL'}",160164140688650
0,TRUE,0,68,0,0,0,Agricultural Museum Brook,Nonprofit Organization,"{'city': 'Brook, Ashford', 'street': 'The Street', 'zip': 'TN25 5PF'}",865896220170580
56,TRUE,1,211,5,0,56,Allen Gallery,Art Museum,"{'city': 'Alton', 'country': 'United Kingdom', 'latitude': 51.1503192, 'longitude': -0.9743724, 'street': '10-12 Church Street', 'zip': 'GU34 2BW'}",518064071701400
164,TRUE,11,440,4.5,14,164,Amersham Museum,History Museum,"{'city': 'Amersham', 'country': 'United Kingdom', 'latitude': 51.6667606, 'longitude': -0.617641, 'street': '49 High Street', 'zip': 'HP7 0DP'}",229087327129644
205,TRUE,21,100,4.9,0,205,Arctic Corsair,Museum,"{'city': 'Kingston upon Hull', 'country': 'United Kingdom', 'latitude': 53.742777777778, 'longitude': -0.32777777777778, 'zip': 'HU1 1'}",143584302324384
310,TRUE,11,767,4.1,20,310,Arundel Museum,History Museum,"{'city': 'Arundel', 'country': 'United Kingdom', 'latitude': 50.854243559229, 'longitude': -0.55221366102679, 'street': 'Mill Rd', 'zip': 'BN18 9PA'}",128946110493368
58,TRUE,4,399,5,29,58,Ashford Museum,History Museum,"{'city': 'Ashford', 'country': 'United Kingdom', 'latitude': 51.148784529421, 'longitude': 0.87236166000366, 'street': 'Church Yard', 'zip': 'TN23 1QG'}",1682059595345000
41306,TRUE,1383,48450,4.6,3154,41306,Ashmolean Museum,Art Museum,"{'city': 'Oxford', 'country': 'United Kingdom', 'latitude': 51.755302548605, 'longitude': -1.260016941809, 'street': 'Beaumont St', 'zip': 'OX1 2'}",171093413441
8,TRUE,0,268,0,35,8,Ashwell Village Museum,History Museum,"{'city': 'Ashwell', 'country': 'United Kingdom', 'latitude': 52.0412, 'longitude': -0.1542, 'street': 'Swan Street', 'zip': 'SG7 5NY'}",171485106244154
36,TRUE,0,8,0,0,36,Astley Cheetham Art Gallery,Art Gallery,"{'city': 'Stalybridge', 'country': 'United Kingdom', 'latitude': 53.48323236, 'longitude': -2.055882265, 'zip': 'SK15 2'}",1439066582999650
901,TRUE,94,2295,4.6,42,901,Aston Manor Road Transport Museum,History Museum,"{'city': 'Aldridge', 'country': 'United Kingdom', 'latitude': 52.611990914017, 'longitude': -1.9226239755708, 'street': 'Shenstone Drive', 'zip': 'WS9 8TP'}",486179364741472
38,TRUE,4,251,5,12,38,Athelstan Museum Malmesbury,History Museum,"{'city': 'Malmesbury', 'country': 'United Kingdom', 'latitude': 51.58358368176, 'longitude': -2.0968373374733, 'street': 'Town Hall', 'zip': 'SN169BZ'}",521760201245393
766,TRUE,17,1057,5,27,766,Ayscoughfee Hall Museum & Gardens,Park,"{'city': 'Spalding', 'country': 'United Kingdom', 'latitude': 52.78631048, 'longitude': -0.15786851, 'street': 'Churchgate', 'zip': 'PE11 2RA'}",107156796017892
0,TRUE,21,911,4.6,24,1592,Bagshaw Museum,History Museum,"{'city': 'Batley', 'country': 'United Kingdom', 'latitude': 53.727827714199, 'longitude': -1.6448645875539, 'street': 'Wilton Park', 'zip': 'WF17 0AS'}",305765312887683
410,TRUE,36,802,4.9,129,410,"Bailiffgate Museum, Alnwick",History Museum,"{'city': 'Alnwick', 'country': 'United Kingdom', 'latitude': 55.41606, 'longitude': -1.709, 'street': '14 Bailiffgate', 'zip': 'NE66 1LX'}",57364731509
0,TRUE,0,1118,0,3,0,Barnet Museum,Museum,"{'city': 'Barnet', 'street': '31 Wood Street', 'zip': 'EN5 4BE'}",180479488666733
698,TRUE,51,1469,4.6,17,698,Bassetlaw Museum,Art Gallery,"{'city': 'East Retford', 'country': 'United Kingdom', 'latitude': 53.3223273, 'longitude': -0.9395863, 'street': 'Amcott House, 40 Grove Street,', 'zip': 'DN22 6LD'}",107493135975792
32,TRUE,5,240,4.2,28,32,Brixham Heritage Museum,History Museum,"{'city': 'Brixham', 'country': 'United Kingdom', 'latitude': 50.394211136471, 'longitude': -3.5162043571472, 'street': 'The Old Police Station, Bolton Cross,', 'zip': 'TQ5 8LZ'}",717832238368815
75,TRUE,9,226,4.2,1,75,Bayle Museum,History Museum,"{'city': 'Bridlington', 'country': 'United Kingdom', 'latitude': 54.093553376796, 'longitude': -0.20360994132912, 'street': 'Baylegate', 'zip': 'YO16 7JT'}",253427288100575
209510,TRUE,7531,108521,4.8,4112,209510,Beamish Museum,Landmark & Historical Place,"{'city': 'Stanley', 'country': 'United Kingdom', 'latitude': 54.882271428893, 'longitude': -1.6592765997075, 'street': 'Beamish', 'zip': 'DH9 0RG'}",104659669569076
742,TRUE,15,409,4.7,0,742,Beatrix Potter Gallery,Landmark & Historical Place,"{'city': 'Hawkshead', 'country': 'United Kingdom', 'latitude': 54.3752, 'longitude': -2.99828}",119430161435991
103244,TRUE,3276,34877,4.5,647,103244,"Beaulieu, National Motor Museum",Performance & Event Venue,"{'city': 'Brockenhurst', 'country': 'United Kingdom', 'latitude': 50.823604851841, 'longitude': -1.4534689270818, 'street': 'Beaulieu', 'zip': 'SO42 7ZN'}",44073777877
0,TRUE,0,115,0,6,0,Beccles and District Museum,Nonprofit Organization,,127603747782548
6,TRUE,4,170,5,158,6,Beckstones Art Gallery,Art Gallery,"{'city': 'Penrith', 'country': 'United Kingdom', 'latitude': 54.66894, 'longitude': -2.86919, 'street': 'Greystoke Ghyll', 'zip': 'CA11 0UQ'}",1032670973493010
329,TRUE,34,2476,4.8,31,329,Ben Uri Gallery & Museum,Art Museum,"{'city': 'London', 'country': 'United Kingdom', 'latitude': 51.5375023, 'longitude': -0.1852999, 'street': '108 Boundary Road', 'zip': 'NW8 0RH'}",47034548982
50175,TRUE,1615,24254,4.4,428,50175,Birmingham Museum and Art Gallery (UK),Art Museum,"{'city': 'Birmingham', 'country': 'United Kingdom', 'latitude': 52.480114326665, 'longitude': -1.9036388397217, 'street': 'Chamberlain Square', 'zip': 'B3 3DH'}",34806457974
145684,TRUE,4512,106766,4.7,2623,145684,The Black Country Living Museum,History Museum,"{'city': 'Dudley', 'country': 'United Kingdom', 'latitude': 52.521480270525, 'longitude': -2.0759925822415, 'street': 'Tipton Road', 'zip': 'DY1 4SQ'}",138431884910
93,TRUE,20,385,3.9,0,93,Bridgwater Blake Museum,Tour Agency,"{'city': 'Bridgwater', 'country': 'United Kingdom', 'latitude': 51.1270128, 'longitude': -3.0019508, 'street': '5 Blake Street', 'zip': 'TA6 3NB'}",283114855064574
73,TRUE,4,158,5,4,73,Bodmin Town Museum,History Museum,"{'city': 'Bodmin', 'country': 'United Kingdom', 'latitude': 50.470491148649, 'longitude': -4.7189369206899, 'street': 'Mount Folly', 'zip': 'PL31 2HQ'}",616529605128991
2376,TRUE,92,3877,4.5,66,2376,Bolton Library and Museum Services,Library,"{'city': 'Bolton', 'country': 'United Kingdom', 'latitude': 53.577376881088, 'longitude': -2.4313207033346, 'street': 'Bolton Library and Museum Services, Le Mans Crescent,', 'zip': 'BL1 1SE'}",134732493220366
529,TRUE,20,134,4.5,0,529,Bolton Steam Museum,Landmark & Historical Place,"{'city': 'Bolton', 'country': 'United Kingdom', 'latitude': 53.5849, 'longitude': -2.4546}",116029598444982
558,TRUE,13,1897,4.8,89,558,Brampton Museum,Art Gallery,"{'city': 'Newcastle under Lyme', 'country': 'United Kingdom', 'latitude': 53.016190317808, 'longitude': -2.2208476066589, 'street': 'Brampton Park', 'zip': 'ST5 0QP'}",187300467978224
12576,TRUE,365,7677,4.6,342,12576,"Bosworth Battlefield Heritage Centre & Country Park, Leicestershire, UK",Landmark & Historical Place,"{'city': 'Nuneaton', 'country': 'United Kingdom', 'latitude': 52.596946397137, 'longitude': -1.4059533348356, 'street': 'Sutton Cheney', 'zip': 'CV13 0AD'}",63599506041
21,TRUE,0,17,0,0,21,Bourne Hall Museum,Museum,"{'city': 'Epsom', 'country': 'United Kingdom', 'latitude': 51.350480080103, 'longitude': -0.25174405530671, 'zip': 'KT17 1'}",362713537157631
6101,TRUE,114,1142,4.4,0,6101,Brighton Museum & Art Gallery,Art Museum,"{'city': 'Brighton', 'country': 'United Kingdom', 'latitude': 50.822, 'longitude': -0.138, 'zip': 'BN1 1EE'}",138495866178995
126084,TRUE,9376,300803,4.6,9003,126084,The British Library,Library,"{'city': 'London', 'country': 'United Kingdom', 'latitude': 51.52943964982, 'longitude': -0.12742229139956, 'street': '96 Euston Road', 'zip': 'NW1 2DB'}",8579062138
1070171,TRUE,53151,1380943,4.6,46981,1070171,British Museum,History Museum,"{'city': 'London', 'country': 'United Kingdom', 'latitude': 51.51788, 'longitude': -0.12723, 'zip': 'WC1B 3DG'}",72228529722
57544,TRUE,1472,16811,4.7,904,57544,Brooklands Museum,History Museum,"{'city': 'Weybridge', 'country': 'United Kingdom', 'latitude': 51.354468420455, 'longitude': -0.46449086574024, 'street': 'Brooklands Road', 'zip': 'KT13 0QN'}",120949592754
3056,TRUE,56,709,4.4,0,3056,Brunel Museum,Monument,"{'city': 'London', 'country': 'United Kingdom', 'latitude': 51.5016, 'longitude': -0.053, 'zip': 'SE16 4LF'}",134773466553435
782,TRUE,17,345,4.8,9,782,Buckingham Old Gaol Museum,Museum,"{'city': 'Buckingham', 'country': 'United Kingdom', 'latitude': 52.000930714085, 'longitude': -0.98640080793457, 'street': 'Market Hill', 'zip': 'MK18 1JX'}",177724528974591
1698,TRUE,64,1827,4.3,25,1698,Bury Art Museum,Museum,"{'city': 'Bury', 'country': 'United Kingdom', 'latitude': 53.591830283403, 'longitude': -2.2985852424524, 'street': 'Moss St', 'zip': 'BL9 0DR'}",259886002004
6,TRUE,0,1,0,0,6,Calverton Folk Museum,Museum,"{'city': 'Nottingham', 'country': 'United Kingdom', 'latitude': 53.03558, 'longitude': -1.055612, 'street': 'Main St', 'zip': 'NG14 6FG'}",1783749235187440
10364,TRUE,122,3936,4.6,146,10364,"Cannon Hall Museum, Park and Gardens",Park,"{'city': 'Cawthorne', 'country': 'United Kingdom', 'latitude': 53.567422236838, 'longitude': -1.5906048910294, 'street': 'Barkhouse Lane', 'zip': 'S75 4AT'}",109559515745696
0,TRUE,22,1030,4.2,6,102,Canterbury Museums & Galleries,Art Museum,"{'city': 'Canterbury', 'country': 'United Kingdom', 'latitude': 51.278755690847, 'longitude': 1.0776483123479, 'zip': 'CT1 2NR'}",132006863706
402,TRUE,7,97,3.9,0,402,Canterbury Roman Museum,History Museum,"{'city': 'Canterbury', 'country': 'United Kingdom', 'latitude': 51.2789, 'longitude': 1.08139, 'street': '11A Butchery Lane'}",112523748759756
0,TRUE,0,398,0,12,0,Captain Cook Memorial Museum,Museum/Art Gallery,"{'street': 'Grape Lane, Whitby, North Yorkshire, YO22 4BA, United Kingdom'}",352238348167619
91,TRUE,5,293,3.8,0,91,Captain Cook Schoolroom Museum,History Museum,"{'city': 'Great Ayton', 'country': 'United Kingdom', 'latitude': 54.488613198535, 'longitude': -1.1345744132996, 'street': '101 High Street', 'zip': 'TS9 6NB'}",170466329728325
43,TRUE,4,163,5,5,43,Castleford Museum,Museum,"{'city': 'Castleford', 'country': 'United Kingdom', 'latitude': 53.72602, 'longitude': -1.35265, 'street': 'within Castleford Library, Carlton St', 'zip': 'WF10 1BB'}",889901247788418
4590,TRUE,81,2188,4.3,15,4590,Catalyst Science Discovery Centre,Museum,"{'city': 'Widnes', 'country': 'United Kingdom', 'latitude': 53.352146302465, 'longitude': -2.7335978291161, 'street': 'Mersey Road', 'zip': 'WA8 0DF'}",131386696896508
0,TRUE,0,1,0,0,0,Cawthorne Victoria Jubilee Museum,Museum,"{'city': 'Barnsley', 'country': 'United Kingdom', 'latitude': 53.568389, 'longitude': -1.572043, 'street': 'Taylor Hill', 'zip': 'S75 4HQ'}",1606263663023750
86,TRUE,0,34,0,0,86,Chadkirk Chapel,Region,"{'city': 'Stockport', 'country': 'United Kingdom', 'latitude': 53.4097, 'longitude': -2.0895, 'zip': 'SK6 3'}",137415659612587
1027,TRUE,46,1021,4.5,6,1027,"Charnwood Museum, Leicestershire, UK",History Museum,"{'city': 'Loughborough', 'country': 'United Kingdom', 'latitude': 52.770496601618, 'longitude': -1.2104507777343, 'street': ""Charnwood Museum, Queen's Park, Granby Street"", 'zip': 'LE11 3DU'}",75992491032
25,TRUE,6,300,5,28,25,Chatteris Museum,Community Organization,"{'city': 'Chatteris', 'country': 'United Kingdom', 'latitude': 52.4542496, 'longitude': 0.0520464, 'street': '14 Church Lane', 'zip': 'PE16 6JA'}",555604764587526
304,TRUE,2,37,4,0,304,Cheddleton Flint Mill,Landmark & Historical Place,"{'city': 'Leek', 'country': 'United Kingdom', 'latitude': 53.0708, 'longitude': -2.04278, 'zip': 'ST13 7HL'}",138331592857392
295,TRUE,26,1917,5,123,295,Cheshire Military Museum,History Museum,"{'city': 'Chester', 'country': 'United Kingdom', 'latitude': 53.186351862683, 'longitude': -2.8920650482178, 'street': 'The Castle', 'zip': 'CH1 2DN'}",209050439195922
336,TRUE,55,2040,4.3,16,336,Chesterfield Museum and Art Gallery,Art Gallery,"{'city': 'Chesterfield', 'country': 'United Kingdom', 'latitude': 53.23581, 'longitude': -1.4241, 'street': 'St Marys Gate', 'zip': 'S41 7TD'}",194981557181142
25,TRUE,2,177,5,1,25,Chipping Norton Museum,History Museum,"{'city': 'Chipping Norton', 'country': 'United Kingdom', 'latitude': 51.941066728462, 'longitude': -1.5451717935828, 'street': '4 High Street', 'zip': 'OX7 5AD'}",1418505958396230
250,TRUE,58,697,4.4,0,250,"Church Farm Museum, Skegness",Travel & Transportation,"{'city': 'Skegness', 'country': 'United Kingdom', 'latitude': 53.147027201008, 'longitude': 0.32583495543046, 'street': 'Church Road South', 'zip': 'PE25 2HF'}",123303571034455
5430,TRUE,83,703,4.5,0,5430,Cliffe Castle Museum,Statue & Fountain,"{'city': 'Keighley', 'country': 'United Kingdom', 'latitude': 53.8753, 'longitude': -1.91361, 'street': 'Spring Gardens Lane', 'zip': 'BD20 6'}",108055399222805
332,TRUE,26,1558,5,22,332,Coldharbour Mill,Charity Organization,"{'city': 'Cullompton', 'country': 'United Kingdom', 'latitude': 50.901463098077, 'longitude': -3.3347797393799, 'street': 'Coldharbour Mill, Uffculme', 'zip': 'EX15 3EE'}",153048594762909
1476,TRUE,73,1434,4.5,10,1476,Corinium Museum,History Museum,"{'city': 'Cirencester', 'country': 'United Kingdom', 'latitude': 51.717298046785, 'longitude': -1.9708228111267, 'street': 'Park St', 'zip': 'GL7 2BX'}",497585666948435
52842,TRUE,2318,19530,4.6,415,52842,Coventry Transport Museum,Museum,"{'city': 'Coventry', 'country': 'United Kingdom', 'latitude': 52.410806920672, 'longitude': -1.509382111741, 'street': 'Hales Street', 'zip': 'CV1 1'}",23114642004
8,TRUE,3,265,5,6,8,Cranbrook Museum,Nonprofit Organization,"{'city': 'Cranbrook', 'country': 'United Kingdom', 'latitude': 51.097633604707, 'longitude': 0.53496122360229, 'street': '6 Carriers Rd', 'zip': 'TN17 3JX'}",698915843566764
2304,TRUE,57,2693,4.7,32,2304,The Crypt Gallery (St Pancras),Art Gallery,"{'city': 'London', 'country': 'United Kingdom', 'latitude': 51.52731415441, 'longitude': -0.12975825021307, 'street': 'St Pancras Parish Church, Euston Road', 'zip': 'NW1 2BA'}",121761688102
26,TRUE,2,77,5,6,26,Crystal Palace Museum,History Museum,"{'city': 'London', 'country': 'United Kingdom', 'latitude': 51.41914, 'longitude': -0.07563, 'street': 'Anerley Hill', 'zip': 'SE19 2BA'}",100169970458663
1536,TRUE,52,980,4.4,9,1536,Cumberland House Natural History Museum,History Museum,"{'city': 'Southsea', 'country': 'United Kingdom', 'latitude': 50.782253587735, 'longitude': -1.0704187792809, 'street': 'Eastern Parade', 'zip': 'PO4 9RF'}",150772848452839
35,TRUE,1,99,4,1,35,Curtis Museum,Museum,"{'city': 'Alton', 'country': 'United Kingdom', 'latitude': 51.150080705, 'longitude': -0.973953265, 'street': 'High Street', 'zip': 'GU34 2BW'}",653856931420769
23,TRUE,0,3,0,0,23,Customs & Excise National Museum,Museum,"{'city': 'Liverpool', 'country': 'United Kingdom', 'latitude': 53.401158033473, 'longitude': -2.992703135, 'zip': 'L3 4AN'}",126294554088770
2343,TRUE,89,844,4.7,0,2343,Dads Army Museum,Monument,"{'city': 'Thetford', 'country': 'United Kingdom', 'latitude': 52.413128484553, 'longitude': 0.75061668015272, 'zip': 'IP24 2DS'}",170533779676007
491,TRUE,24,913,4.3,12,491,Dales Countryside Museum,Tourist Information Center,"{'city': 'Hawes', 'country': 'United Kingdom', 'latitude': 54.304616595535, 'longitude': -2.1924865643462, 'street': 'Yorkshire Dales National Park Authority, Station Yard, Burtersett Road', 'zip': 'DL8 3NT'}",204967926221039
118,TRUE,11,165,4.6,1,118,Dartmouth Museum,Art Museum,"{'city': 'Dartmouth', 'country': 'United Kingdom', 'latitude': 50.351871360364, 'longitude': -3.5786956601166, 'street': '6 Duke Street', 'zip': 'TQ6 9'}",231353946899147
1119,TRUE,98,1029,4.8,19,1119,de Havilland Aircraft Museum,History Museum,"{'city': 'London Colney', 'country': 'United Kingdom', 'latitude': 51.711262199494, 'longitude': -0.27246952056885, 'street': 'Salisbury Hall', 'zip': 'AL2 1BU'}",722070714600104
29043,TRUE,547,12117,4.3,849,29043,The De La Warr Pavilion,Arts & Entertainment,"{'city': 'Bexhill', 'country': 'United Kingdom', 'latitude': 50.83784, 'longitude': 0.47165, 'street': 'The De La Warr Pavilion, Marina', 'zip': 'TN40 1DP'}",72278791520
19355,TRUE,878,13541,4.5,977,19355,Didcot Railway Centre,Railroad Company,"{'city': 'Didcot', 'country': 'United Kingdom', 'latitude': 51.611727611337, 'longitude': -1.2422060966492, 'street': 'Didcot Railway Centre Station Rd', 'zip': 'OX11 7NJ'}",161421647218065
185,TRUE,10,130,4.9,30,185,DIG - An Archaeological Adventure,Archaeological Service,"{'city': 'York', 'country': 'United Kingdom', 'latitude': 53.95968, 'longitude': -1.07808, 'street': 'St Saviourgate', 'zip': 'YO1 8NN'}",101646723732081
6460,TRUE,144,5519,4.6,192,6460,Discovery Museum,History Museum,"{'city': 'Newcastle upon Tyne', 'country': 'United Kingdom', 'latitude': 54.969155125105, 'longitude': -1.6246316471198, 'street': 'Blandford Square', 'zip': 'NE1 4JA'}",110930665661640
1110,TRUE,67,1582,4.6,78,1110,"1620s House & Garden at Donington le Heath, Leicestershire, UK",Tea Room,"{'city': 'Coalville', 'country': 'United Kingdom', 'latitude': 52.70998232, 'longitude': -1.3794804643852, 'street': 'Manor Road', 'zip': 'LE67 2FW'}",64974256667
462,TRUE,29,615,4.5,7,462,"Dr Jenner's House, Museum and Garden",History Museum,"{'city': 'Berkeley', 'country': 'United Kingdom', 'latitude': 51.69, 'longitude': -2.45778, 'street': 'Church Lane', 'zip': 'GL13 9BN'}",193683850642589
180,TRUE,9,408,4,5,180,Durham Heritage Centre and Museum,History Museum,"{'city': 'Durham', 'country': 'United Kingdom', 'latitude': 54.773777624381, 'longitude': -1.5749204613943, 'street': 'St. Mary le Bow, North Bailey', 'zip': 'DH1 3ET'}",298223286515
8,TRUE,0,2,0,0,8,Dutch Cottage,Museum,"{'city': 'Rayleigh', 'country': 'United Kingdom', 'latitude': 51.587011, 'longitude': 0.602294}",366696186865167
0,TRUE,0,18,0,0,0,Earlswood village museum,History Museum,"{'latitude': 52.482061491671, 'longitude': -1.0566079616547, 'street': 'Earlswood Village Hall Shut Lane', 'zip': 'B94 6BZ'}",921512121323597
8,TRUE,21,1777,5,64,8,East Anglia Transport Museum,History Museum,"{'city': 'Lowestoft', 'country': 'United Kingdom', 'latitude': 52.45132, 'longitude': 1.68861, 'street': 'Chapel Road, Carlton Colville', 'zip': 'NR33 8BL'}",127169834125027
338,TRUE,34,686,4.2,119,338,Ely Museum,Museum,"{'city': 'Ely', 'country': 'United Kingdom', 'latitude': 52.400422043713, 'longitude': 0.26316047088622, 'street': 'The Old Gaol, Market Street', 'zip': 'CB7 4LS'}",174505238875
6,TRUE,0,10,0,0,6,Emsworth Museum,History Museum,"{'city': 'Emsworth', 'country': 'United Kingdom', 'latitude': 50.847535590732, 'longitude': -0.93113286716397, 'street': '10 North Street', 'zip': 'PO10 7'}",223993021126233
168,TRUE,25,983,4.7,8,168,Essex Fire Museum,Nonprofit Organization,"{'city': 'Grays', 'country': 'United Kingdom', 'latitude': 51.4822006, 'longitude': 0.3195, 'street': 'Hogg Lane', 'zip': 'RM17 5QS'}",198659056934516
1837,TRUE,97,3981,4.6,67,1837,Estorick Collection,Art Gallery,"{'city': 'London', 'country': 'United Kingdom', 'latitude': 51.5438919, 'longitude': -0.1004488, 'street': '39A Canonbury Square', 'zip': 'N1 2AN'}",115460326119
107784,TRUE,2518,46915,4.4,720,107784,Eureka! The National Children's Museum,Education,"{'city': 'Halifax', 'country': 'United Kingdom', 'latitude': 53.720509201782, 'longitude': -1.854733554767, 'street': 'Discovery Road', 'zip': 'HX1 2NE'}",55681996360
46,TRUE,2,31,4.5,0,46,Exmouth Museum,Museum,"{'city': 'Exmouth', 'country': 'United Kingdom', 'latitude': 50.62129, 'longitude': -3.41216, 'street': 'Sheppards Row', 'zip': 'EX8 1PW'}",114058461985065
778,TRUE,42,3050,4.7,65,778,Falmouth Art Gallery,Art Gallery,"{'city': 'Falmouth', 'country': 'United Kingdom', 'latitude': 50.155551822647, 'longitude': -5.0722439247585, 'street': 'Municipal Buildings, The Moor', 'zip': 'TR11 2RT'}",87637917785
679,TRUE,31,243,4.6,0,679,Farnborough Air Sciences Trust,History Museum,"{'city': 'Farnborough', 'country': 'United Kingdom', 'latitude': 51.2823, 'longitude': -0.753, 'street': 'Trenchard House, 85 Farnborough Road', 'zip': 'GU14 6'}",106117269419126
6843,TRUE,340,11952,4.4,776,6843,Fashion Museum Bath,Museum,"{'city': 'Bath', 'country': 'United Kingdom', 'latitude': 51.386188450101, 'longitude': -2.3626103907348, 'street': 'The Assembly Rooms, Bennett Street', 'zip': 'BA1 2QH'}",178268647365
0,TRUE,0,639,0,0,0,Feering and Kelvedon Local History Museum,Community,,220173101477439
24,TRUE,5,245,4.8,1,24,The Filey Museum,History Museum,"{'city': 'Filey', 'country': 'United Kingdom', 'latitude': 54.21124, 'longitude': -0.28715, 'street': '8-10 Queen St', 'zip': 'YO14 9HB'}",1875100952717390
1023,TRUE,41,87,4.5,0,1023,Finch Foundry,Landmark & Historical Place,"{'city': 'Okehampton', 'country': 'United Kingdom', 'latitude': 50.7306, 'longitude': -3.92611, 'zip': 'EX20 2NW'}",110390975678594
136,TRUE,14,542,4.5,2,136,Hastings Fishermen's Museum,History Museum,"{'city': 'Hastings', 'country': 'United Kingdom', 'latitude': 50.85616, 'longitude': 0.59453, 'street': 'Rock-a-Nore Road', 'zip': 'TN34 3DW'}",244959305650167
26759,TRUE,975,18332,4.5,334,26759,"The Fitzwilliam Museum, Cambridge",Art Museum,"{'city': 'Cambridge', 'country': 'United Kingdom', 'latitude': 52.200036351981, 'longitude': 0.12014413423015, 'street': 'Trumpington Street', 'zip': 'CB2 1RB'}",29023962347
2,TRUE,0,2,0,0,2,Flintham Museum,Museum,"{'city': 'Newark', 'country': 'United Kingdom', 'latitude': 53.0125476, 'longitude': -0.90257316, 'zip': 'NG23 5'}",1436782109899620
4501,TRUE,185,6467,4.5,201,4501,The Foundling Museum,History Museum,"{'city': 'London', 'country': 'United Kingdom', 'latitude': 51.525055052017, 'longitude': -0.12161443850401, 'street': '40 Brunswick Square', 'zip': 'WC1N 1AZ'}",12599311763
78,TRUE,6,1447,5,67,78,The Fry Art Gallery,Art Gallery,"{'city': 'Saffron Walden', 'country': 'United Kingdom', 'latitude': 52.025078765, 'longitude': 0.23811187, 'street': 'Castle St', 'zip': 'CB10 1BD'}",141755859236188
238,TRUE,3,64,5,0,238,Gainsborough's House Society,Landmark & Historical Place,"{'city': 'Sudbury, Suffolk', 'country': 'United Kingdom', 'latitude': 52.0382449, 'longitude': 0.7283582, 'street': '46-47 Gainsborough St', 'zip': 'CO10 2'}",606458232773494
16959,TRUE,582,4918,4.5,118,16959,National Justice Museum,History Museum,"{'city': 'Nottingham', 'country': 'United Kingdom', 'latitude': 52.950698965039, 'longitude': -1.1443769068908, 'street': 'The Lace Market, High Pavement', 'zip': 'NG1 1'}",314677609092
0,TRUE,13,138,5,20,324,Gold Hill Museum,Community Museum,"{'city': 'Shaftesbury', 'country': 'United Kingdom', 'latitude': 51.005397560919, 'longitude': -2.1969652175903, 'street': '1-2 Gold Hill', 'zip': 'SP7 8JW'}",1685875148300470
6682,TRUE,211,3400,4.7,116,6682,"Grant Museum of Zoology, UCL",Museum,"{'city': 'London', 'country': 'United Kingdom', 'latitude': 51.523812924546, 'longitude': -0.13434648513794, 'street': '21 University Street', 'zip': 'WC1E 6DE'}",518950638201808
1058,TRUE,20,305,4.8,6,1058,Graves Gallery,Art Gallery,"{'city': 'Sheffield', 'country': 'United Kingdom', 'latitude': 53.380073880904, 'longitude': -1.4670601596082, 'street': 'Surrey Street', 'zip': 'S1 1XZ'}",144261932282418
53,TRUE,3,95,5,5,53,Great Dunmow Maltings,Landmark & Historical Place,"{'city': 'Great Dunmow', 'country': 'United Kingdom', 'latitude': 51.8729, 'longitude': 0.36467, 'street': 'Mill Lane', 'zip': 'CM6 1BG'}",267213567024695
14533,TRUE,614,8810,4.4,208,14533,Great North Museum: Hancock,History Museum,"{'city': 'Newcastle upon Tyne', 'country': 'United Kingdom', 'latitude': 54.980202071323, 'longitude': -1.6130957409823, 'street': 'Barras Bridge', 'zip': 'NE2 4PT'}",132062493527041
357,TRUE,39,907,4.9,77,357,Greater Manchester Fire Service Museum,Fire Station,"{'city': 'Rochdale', 'country': 'United Kingdom', 'latitude': 53.611489392391, 'longitude': -2.1535992622375, 'street': 'Maclure Road', 'zip': 'OL11 1DN'}",157720730943978
1671,TRUE,77,2714,4.8,30,1671,Greater Manchester Police Museum,History Museum,"{'city': 'Manchester', 'country': 'United Kingdom', 'latitude': 53.4824638, 'longitude': -2.2323845, 'street': '57A Newton Street', 'zip': 'M1 1ET'}",1388095851462440
8221,TRUE,270,3767,4.7,89,8221,Gressenhall Farm and Workhouse,History Museum,"{'city': 'Dereham', 'country': 'United Kingdom', 'latitude': 52.714431352597, 'longitude': 0.9223031262253, 'street': 'Gressenhall, Dereham, Norfolk', 'zip': 'NR20 4DR'}",275579782507005
4416,TRUE,108,3552,4.7,83,4416,Guildhall Art Gallery and London's Roman Amphitheatre,Art Gallery,"{'city': 'London', 'country': 'United Kingdom', 'latitude': 51.515609041332, 'longitude': -0.092020675799393, 'street': 'Guildhall Yard', 'zip': 'EC2V 5AE'}",186605081410768
888,TRUE,31,499,4.9,9,888,Guildhall Museum Rochester,History Museum,"{'city': 'Rochester', 'country': 'United Kingdom', 'latitude': 51.3908773, 'longitude': 0.5029138, 'street': '17 High Street', 'zip': 'ME1 1PY'}",617577291692106
2,TRUE,0,5,0,0,2,Guisborough Museum,Museum,"{'city': 'Guisborough', 'country': 'United Kingdom', 'latitude': 54.535503, 'longitude': -1.053999, 'street': '1 Westgate Rd', 'zip': 'TS14 6EA'}",122566551476003
126494,TRUE,2417,61463,4.5,2096,126494,Hirshhorn Museum and Sculpture Garden,Modern Art Museum,"{'city': 'Washington', 'country': 'United States', 'latitude': 38.888327642535, 'longitude': -77.022915584388, 'state': 'DC', 'street': 'Independence Avenue at Seventh Street, SW', 'zip': '20024'}",12656504609
1,TRUE,164,29318,4.9,6340,1,Hands on History,Arts & Entertainment,"{'city': 'Trondheim', 'country': 'Norway', 'latitude': 64.168106897992, 'longitude': 9.84375}",1027390320690600
88,TRUE,15,138,5,3,88,Harrington Aviation Museum,History Museum,"{'city': 'Northampton', 'country': 'United Kingdom', 'latitude': 52.40313890484, 'longitude': -0.87291955947876, 'street': 'Sunnyvale Farm, Harrington', 'zip': 'NN6 9PF'}",168699139913695
66,TRUE,0,6,0,0,66,"Old Speech Room Gallery, Harrow School",Art Gallery,"{'city': 'Harrow', 'country': 'United Kingdom', 'latitude': 51.573103, 'longitude': -0.333792}",114564098556569
907,TRUE,39,1668,4.8,210,907,HBC Hastings Museum & Art Gallery,Museum/Art Gallery,"{'city': 'Hastings', 'country': 'United Kingdom', 'latitude': 50.85621889614, 'longitude': 0.57110806418338, 'street': 'Johns Place, Bohemia Road', 'zip': 'TN34 1ET'}",218155741717952
357,TRUE,11,2263,4.9,116,357,Hatton Gallery,Art Gallery,"{'city': 'Newcastle upon Tyne', 'country': 'United Kingdom', 'latitude': 54.979669953961, 'longitude': -1.6146932623367, 'street': 'Kings Road, Newcastle University', 'zip': 'NE1 7RU'}",19694442857
55,TRUE,5,403,4.4,1,55,Havering Museum,History Museum,"{'city': 'Romford', 'country': 'United Kingdom', 'latitude': 51.5777021, 'longitude': 0.1792287, 'street': '19-21 High Street', 'zip': 'RM1 1JU'}",198760810165730
1208,TRUE,28,458,4.7,0,1208,Haworth Art Gallery,Landmark & Historical Place,"{'city': 'Accrington', 'country': 'United Kingdom', 'latitude': 53.7411, 'longitude': -2.355, 'zip': 'BB5 2JS'}",131118580270919
17331,TRUE,274,2450,4.7,0,17331,Haynes International Motor Museum,"Automotive, Aircraft & Boat","{'latitude': 51.0355, 'longitude': -2.5655}",112613492086178
2361,TRUE,73,2697,4.7,103,2361,Head of Steam - Darlington Railway Museum,History Museum,"{'city': 'Darlington', 'country': 'United Kingdom', 'latitude': 54.535806866008, 'longitude': -1.5547712015406, 'street': 'North Road Station', 'zip': 'DL3 6ST'}",366211976788533
1014,TRUE,76,1367,5,88,1014,Helena Thompson Museum,History Museum,"{'city': 'Workington', 'country': 'United Kingdom', 'latitude': 54.642325280591, 'longitude': -3.5375561998278, 'street': 'Park End Road', 'zip': 'CA14 4DE'}",118786358209954
7,TRUE,1,1,5,0,7,Henfield Museum,History Museum,"{'city': 'Henfield', 'country': 'United Kingdom', 'latitude': 50.92986763, 'longitude': -0.27227238, 'zip': 'BN5 9'}",224713891057422
0,TRUE,2,26,4,4,43,The Henry VII Experience at Micklegate Bar,History Museum,"{'city': 'York', 'country': 'United Kingdom', 'latitude': 53.955921395202, 'longitude': -1.090886592865, 'street': 'Micklegate Bar', 'zip': 'YO1 6JX'}",109302062992603
148,TRUE,1,12,5,0,148,Heptonstall Festival,Museum,"{'city': 'Hebden Bridge', 'country': 'United Kingdom', 'latitude': 53.74915801925, 'longitude': -2.0218168851007, 'zip': 'HX7 7'}",407971375906728
99,TRUE,10,931,5,248,99,Herefordshire Light Infantry Museum,History Museum,"{'city': 'Hereford', 'country': 'United Kingdom', 'latitude': 52.051127183768, 'longitude': -2.7062198841059, 'street': 'Suvla Barracks, TA Centre, Harold Street,', 'zip': 'HR1 2QX'}",431399460230235
7,TRUE,1,1,5,0,7,Holsworthy Museum,Museum,"{'city': 'Holsworthy', 'country': 'United Kingdom', 'latitude': 50.895095135767, 'longitude': -4.4472535729603, 'zip': 'EX22 6'}",1478242635737620
72242,TRUE,1481,22323,4.5,753,72242,Horniman Museum and Gardens,Public Garden,"{'city': 'London', 'country': 'United Kingdom', 'latitude': 51.441286120113, 'longitude': -0.0614305826426, 'street': '100 London Road', 'zip': 'SE23 3PQ'}",26314419774
4627,TRUE,181,3140,4.5,65,4627,The Household Cavalry Museum and Shop,History Museum,"{'city': 'London', 'country': 'United Kingdom', 'latitude': 51.50485029819, 'longitude': -0.12716579312941, 'street': 'Horse Guards, Whitehall, London SW1A 2AX', 'zip': 'SW1A 2AX'}",173213709522613
1827,TRUE,26,178,4.3,0,1827,Hove Museum & Art Gallery,Art Museum,"{'city': 'Hove', 'country': 'United Kingdom', 'latitude': 50.82957871869, 'longitude': -0.1811295241276, 'street': '19 New Church Road', 'zip': 'BN3 4AB'}",154287247933065
0,TRUE,2,536,5,2,0,Huddersfield Astronomical Society,Community Organization,,305204446349477
7855,TRUE,152,679,4.6,0,7855,Streetlife Museum of Transport,Tour Agency,"{'city': 'Kingston upon Hull', 'country': 'United Kingdom', 'latitude': 53.7439, 'longitude': -0.329722, 'street': '36 High Street'}",108642292494400
162886,TRUE,5846,63190,4.6,1547,162886,Imperial War Museum London,History Museum,"{'city': 'London', 'country': 'United Kingdom', 'latitude': 51.49641341168, 'longitude': -0.10865433897606, 'street': 'Lambeth Road', 'zip': 'SE1 6'}",97951440478
56431,TRUE,1796,12346,4.4,213,56431,Imperial War Museum North,History Museum,"{'city': 'Manchester', 'country': 'United Kingdom', 'latitude': 53.469800459808, 'longitude': -2.2991150232056, 'street': 'The Quays, Trafford Wharf Rd', 'zip': 'M17 1TZ'}",17530253947
6638,TRUE,339,6016,4.5,270,6638,International Slavery Museum,Museum,"{'city': 'Liverpool', 'country': 'United Kingdom', 'latitude': 53.401001036594, 'longitude': -2.9928384668982, 'street': 'Albert Dock', 'zip': 'L3 4AQ'}",317641006820
1819,TRUE,84,2037,4.8,9,1819,Ipswich Transport Museum,History Museum,"{'city': 'Ipswich', 'country': 'United Kingdom', 'latitude': 52.04064039956, 'longitude': 1.1961473159979, 'street': 'Cobham Road', 'zip': 'IP3 9JD'}",229532037208643
15,TRUE,0,3,0,0,15,Isles of Scilly Museum,History Museum,"{'city': 'Hugh Town', 'country': 'United Kingdom', 'latitude': 49.91460849, 'longitude': -6.31297399, 'street': 'Church St', 'zip': 'TR21 0JT'}",1474026559482660
701,TRUE,55,500,4.2,2,701,Jewry Wall,Landmark & Historical Place,"{'city': 'Leicester', 'country': 'United Kingdom', 'latitude': 52.634990256994, 'longitude': -1.1412477493286, 'street': '156-160 St. Nicholas Circle', 'zip': 'LE1 4LB'}",150117611687567
78,TRUE,7,115,5,2,78,John Jarrold Printing Museum,Printing Service,"{'city': 'Norwich', 'country': 'United Kingdom', 'latitude': 52.634445273333, 'longitude': 1.30002523, 'street': 'Whitefriars', 'zip': 'NR3 1SH'}",379418922220292
1058,TRUE,52,1522,4.8,53,1058,Kelmscott Manor,Art Museum,"{'city': 'Lechlade', 'country': 'United Kingdom', 'latitude': 51.687935520632, 'longitude': -1.6370916366577, 'zip': 'GL7 3HJ'}",456629727781191
544,TRUE,7,132,4.4,0,544,Kempton Park Steam Engines,Landmark & Historical Place,"{'latitude': 51.4259, 'longitude': -0.405, 'zip': 'TW13 6'}",137907836231267
487,TRUE,49,900,4.3,4,487,Kendal Museum,History Museum,"{'city': 'Kendal', 'country': 'United Kingdom', 'latitude': 54.33152529164, 'longitude': -2.741737279506, 'street': 'Station Road', 'zip': 'LA9 6BT'}",284538274636
45,TRUE,0,3,0,0,45,Kirkstall Abbey Museum,Museum,"{'city': 'Leeds', 'country': 'United Kingdom', 'latitude': 53.8083746, 'longitude': -1.5835886}",572623742945074
0,TRUE,0,6043,0,1169,0,Lady Lever Art Gallery,Landmark & Historical Place,"{'city': 'Port Sunlight', 'country': 'United Kingdom', 'street': 'Lady Lever Art Gallery', 'zip': 'CH62 5EQ'}",149986240934
1878,TRUE,129,7503,4.3,248,1878,Laing Art Gallery,Art Gallery,"{'city': 'Newcastle upon Tyne', 'country': 'United Kingdom', 'latitude': 54.974819746249, 'longitude': -1.6093360020317, 'street': 'Laing Art Gallery, New Bridge Street', 'zip': 'NE1 8AG'}",22747990912
5766,TRUE,138,623,4.6,0,5766,Lakeland Motor Museum,History Museum,"{'city': 'Ulverston', 'country': 'United Kingdom', 'latitude': 54.2589, 'longitude': -2.98913, 'zip': 'LA12 8'}",103232316397678
4281,TRUE,131,2840,4.7,104,4281,Leeds City Museum,History Museum,"{'city': 'Leeds', 'country': 'United Kingdom', 'latitude': 53.80219688261, 'longitude': -1.547269821167, 'street': 'Cookridge Street', 'zip': 'LS2 8BH'}",1093868187345850
148,TRUE,22,3375,4.5,597,148,The Craft Centre and Design Gallery,Art Gallery,"{'city': 'Leeds', 'country': 'United Kingdom', 'latitude': 53.79975608489, 'longitude': -1.5484179481063, 'street': 'The Headrow', 'zip': 'LS1 3AB'}",141472519202659
175,TRUE,12,1522,4.7,22,175,Leeds Discovery Centre,Museum,"{'city': 'Leeds', 'country': 'United Kingdom', 'latitude': 53.788584560292, 'longitude': -1.5308117866516, 'street': 'Carlisle Road', 'zip': 'LS10 1LB'}",722625624444070
1793,TRUE,63,2207,4.8,57,1793,Leeds Industrial Museum at Armley Mills,History Museum,"{'city': 'Leeds', 'country': 'United Kingdom', 'latitude': 53.802743317699, 'longitude': -1.5827700159304, 'street': 'Canal Road', 'zip': 'LS12 2QF'}",464455450232979
26817,TRUE,391,4535,4.7,0,26817,"Freemasons' Hall, London",Landmark & Historical Place,"{'city': 'City of Westminster', 'country': 'United Kingdom', 'latitude': 51.5151, 'longitude': -0.121, 'street': '60 Great Queen Street', 'zip': 'WC2B 5BZ'}",140528709306606
0,TRUE,0,391,0,0,1749,Lion Salt Works,Civilization Museum,"{'city': 'Northwich', 'country': 'United Kingdom', 'latitude': 53.2753, 'longitude': -2.4952}",110621202321420
192,TRUE,22,787,4.6,48,192,Littlehampton Museum,History Museum,"{'city': 'Littlehampton', 'country': 'United Kingdom', 'latitude': 50.809308710561, 'longitude': -0.5395704663331, 'street': 'Manor House, Church Street', 'zip': 'BN17 5EW'}",467057646641676
6804,TRUE,195,967,4.4,0,6804,National Railway Museum Shildon,Tour Agency,"{'city': 'Shildon', 'country': 'United Kingdom', 'latitude': 54.6243, 'longitude': -1.6306}",111827312167259
76531,TRUE,2769,51127,4.5,813,76531,London Transport Museum,History Museum,"{'city': 'London', 'country': 'United Kingdom', 'latitude': 51.512005959063, 'longitude': -0.12144829981624, 'street': 'Covent Garden Piazza', 'zip': 'WC2E 8'}",31304634352
43038,TRUE,553,18622,4.4,3360,43038,Lotherton,Park,"{'city': 'Leeds', 'country': 'United Kingdom', 'latitude': 53.82499, 'longitude': -1.33241, 'street': 'Lotherton Hall, Collier Lane, Aberford', 'zip': 'LS25 3EB'}",142044545839123
53,TRUE,9,677,4.7,21,53,Louth Museum,History Museum,"{'city': 'Louth', 'country': 'United Kingdom', 'latitude': 53.3680902, 'longitude': -0.005249, 'street': '4 Broadbank', 'zip': 'LN11 0EQ'}",463899553697940
0,TRUE,0,195,0,12,0,Lowestoft Museum,Museum,"{'city': 'Oulton', 'country': 'United Kingdom', 'latitude': 54.572061655659, 'longitude': -0.703125, 'street': 'Nicholas Everitt Park, Bridge Road, Oulton Broad, SuffolkLowestoft Museum collects, preserves and displays objects relating to the history of the area and its people, and promotes awareness and interest in our rich heritage', 'zip': 'NR33 9JR'}",273818472706227
69,TRUE,0,30,0,0,69,Malvern Museum,History Museum,"{'latitude': 52.1105, 'longitude': -2.32952, 'zip': 'WR14 3ES'}",112859942060809
20987,TRUE,1279,10338,4.4,53,20987,Manchester Museum,History Museum,"{'city': 'Manchester', 'country': 'United Kingdom', 'latitude': 53.466247493814, 'longitude': -2.2338723804035, 'street': 'Manchester Museum, The University of Manchester, Oxford Road', 'zip': 'M13 9PL'}",13486341403
0,TRUE,18,1731,4.5,47,0,Mansfield Museum,Product/Service,,103888844853
0,TRUE,18,1731,4.5,47,0,Mansfield Museum,Product/Service,,103888844853
0,TRUE,0,211,0,0,0,Marlow Museum,Community,,374435506057870
8,TRUE,0,4,0,0,8,Maryport Maritime Museum,Museum,"{'city': 'Maryport', 'country': 'United Kingdom', 'latitude': 54.71469, 'longitude': -3.50078, 'zip': 'CA15 6AB'}",1043748009017510
180,TRUE,27,680,4.4,24,180,"Melton Carnegie Museum, Melton Mowbray, Leicestershire, UK",Museum,"{'city': 'Melton Mowbray', 'country': 'United Kingdom', 'latitude': 52.764741210862, 'longitude': -0.88112518783569, 'street': 'Thorpe End', 'zip': 'LE13 1RB'}",69889019295
18,TRUE,49,26691,4.7,552,18,The Mercian Regiment,Government Organization,"{'city': 'Whittington', 'country': 'United Kingdom', 'latitude': 51.8866196, 'longitude': -1.98009, 'zip': 'WS149TJ'}",330105240407899
22,TRUE,1,316,1,7,22,Mersea Island Museum,History Museum,"{'city': 'West Mersea', 'country': 'United Kingdom', 'latitude': 51.775172076667, 'longitude': 0.91190288, 'street': 'High Street', 'zip': 'CO5 8QD'}",956144431064303
20615,TRUE,885,7654,4.5,609,20615,Merseyside Maritime Museum,History Museum,"{'city': 'Liverpool', 'country': 'United Kingdom', 'latitude': 53.400983370914, 'longitude': -2.9927289858698, 'street': 'Albert Dock, Liverpool Waterfront', 'zip': 'L3 4AQ'}",159559478676
1498,TRUE,100,2418,4.5,31,1498,Milton Keynes Museum,History Museum,"{'city': 'Milton Keynes', 'country': 'United Kingdom', 'latitude': 52.0558368509, 'longitude': -0.80507185236251, 'street': 'McConnell Drive', 'zip': 'MK12 5EL'}",101231029955872
4,TRUE,3,44,5,1,4,Minster Gatehouse Museum,Museum,"{'city': 'Minster', 'country': 'United Kingdom', 'latitude': 51.4224699, 'longitude': 0.81042, 'street': 'Union Rd', 'zip': 'ME122HW'}",1852968801592370
745,TRUE,14,137,4.4,0,745,Monkwearmouth Station Museum,History Museum,"{'city': 'Sunderland', 'country': 'United Kingdom', 'latitude': 54.913, 'longitude': -1.385, 'zip': 'SR5 1'}",138260552869573
0,TRUE,0,112,0,0,4,"Museum of Archaeology, Durham University",Community College,"{'city': 'Durham', 'country': 'United Kingdom', 'latitude': 54.77487, 'longitude': -1.576, 'street': 'Archaeology Museum, Palace Green Library, Palace Green', 'zip': 'DH1 3RN'}",519648374890915
3188,TRUE,232,8599,4.5,83,3188,Museum of Archaeology & Anthropology,History Museum,"{'city': 'Cambridge', 'country': 'United Kingdom', 'latitude': 52.202829356767, 'longitude': 0.12118160529233, 'street': 'University of Cambridge, Downing Street', 'zip': 'CB2 3DZ'}",55206044444
783,TRUE,72,1631,4.1,19,783,The Museum of Barnstaple & North Devon,Museum,"{'city': 'Barnstaple', 'country': 'United Kingdom', 'latitude': 51.077971620887, 'longitude': -4.0587041873717, 'street': 'The Square', 'zip': 'EX32 8LN'}",117495058310279
47808,TRUE,1103,19487,4.4,256,47808,V&A Museum of Childhood,History Museum,"{'city': 'London', 'country': 'United Kingdom', 'latitude': 51.529048371529, 'longitude': -0.05504867071189, 'street': 'Cambridge Heath Road', 'zip': 'E2 9PA'}",67723470911
0,TRUE,0,267,0,5,0,Museum of Lakeland Life & Industry,Landmark & Historical Place,"{'city': 'Kendal', 'country': 'United Kingdom', 'street': 'Kirkland', 'zip': 'LA9 5AL'}",455990094434408
25802,TRUE,897,1890,4.4,0,25802,Museum of Liverpool,History Museum,"{'city': 'Liverpool', 'country': 'United Kingdom', 'latitude': 53.4031, 'longitude': -2.9956}",140933252599105
114458,TRUE,5285,137810,4.5,2210,114458,Museum of London,History Museum,"{'city': 'London', 'country': 'United Kingdom', 'latitude': 51.5176712, 'longitude': -0.0961733, 'street': '150 London Wall', 'zip': 'EC2Y 5'}",27560776046
16007,TRUE,281,1866,4.5,0,16007,Museum of London Docklands,History Museum,"{'city': 'London', 'country': 'United Kingdom', 'latitude': 51.5075, 'longitude': -0.023611111111111, 'zip': 'E14 4'}",108489909175466
106341,TRUE,2613,37588,4.5,667,106341,Museum of Science and Industry,Museum,"{'city': 'Manchester', 'country': 'United Kingdom', 'latitude': 53.477046173683, 'longitude': -2.254776017697, 'street': 'Liverpool Road', 'zip': 'M3 4FP'}",114806971906085
8595,TRUE,355,6277,4.5,91,8595,"Museum of the History of Science, Oxford",History Museum,"{'city': 'Oxford', 'country': 'United Kingdom', 'latitude': 51.754471126045, 'longitude': -1.2553918577788, 'street': 'Broad Street', 'zip': 'OX1 3AZ'}",35192961791
679,TRUE,48,932,4.8,16,679,Museum of the Jewellery Quarter,History Museum,"{'city': 'Birmingham', 'country': 'United Kingdom', 'latitude': 52.4905683, 'longitude': -1.9121029, 'street': '75-80 Vyse Street, Hockley', 'zip': 'B18 6HA'}",412512452119821
2623,TRUE,73,3041,4.8,77,2623,Museum of the Order of St John,Charity Organization,"{'city': 'London', 'country': 'United Kingdom', 'latitude': 51.522234491051, 'longitude': -0.10289236808237, 'street': ""Museum of the Order of St John, St John's Gate, St John's Lane, Clerkenwell"", 'zip': 'EC1M 4DA'}",691162234237432
4602,TRUE,290,2777,4.7,21,4602,"Museum of Transport, Greater Manchester",Transportation Service,"{'city': 'Manchester', 'country': 'United Kingdom', 'latitude': 53.502, 'longitude': -2.23415, 'street': 'Boyle Street, Cheetham', 'zip': 'M8 8UW'}",283233901725524
0,TRUE,0,7152,0,270,0,Museums Sheffield,Museum/Art Gallery,"{'street': 'Millennium Gallery', 'zip': 'S1 2PP'}",114472270491
0,TRUE,0,7152,0,270,0,Museums Sheffield,Museum/Art Gallery,"{'street': 'Millennium Gallery', 'zip': 'S1 2PP'}",114472270491
93126,TRUE,2213,14205,4.4,707,93126,National Football Museum,Museum,"{'city': 'Manchester', 'country': 'United Kingdom', 'latitude': 53.485804640777, 'longitude': -2.2423651042098, 'street': 'Urbis, Cathedral Gardens', 'zip': 'M4 3BG'}",167362639091
495670,TRUE,30609,867718,4.7,18115,495670,National Gallery,Art Gallery,"{'city': 'London', 'country': 'United Kingdom', 'latitude': 51.508619442815, 'longitude': -0.12815067646194, 'street': 'Trafalgar Square', 'zip': 'WC2N 5DN'}",83395535556
9063,TRUE,337,7811,4.4,380,9063,National Maritime Museum Cornwall,History Museum,"{'city': 'Falmouth', 'country': 'United Kingdom', 'latitude': 50.15079, 'longitude': -5.0629, 'street': 'Discovery Quay', 'zip': 'TR113QY'}",110391802336899
54659,TRUE,2071,29694,4.4,664,54659,National Science and Media Museum,Local Service,"{'city': 'Bradford', 'country': 'United Kingdom', 'latitude': 53.790737844646, 'longitude': -1.7558410649957, 'zip': 'BD1 1NQ'}",15378965550
136053,TRUE,3230,204783,4.6,5442,136053,National Portrait Gallery,Art Gallery,"{'city': 'London', 'country': 'United Kingdom', 'latitude': 51.509435219375, 'longitude': -0.1279778944838, 'street': 'St Martinâ€™s Place', 'zip': 'WC2H 0'}",213441154663
217827,TRUE,10234,111584,4.6,1591,217827,National Railway Museum,History Museum,"{'city': 'York', 'country': 'United Kingdom', 'latitude': 53.959640518685, 'longitude': -1.0965665358856, 'street': 'Leeman Rd', 'zip': 'YO26 4XJ'}",7774637229
120282,TRUE,3036,31619,4.4,746,120282,National Space Centre,Landmark & Historical Place,"{'city': 'Leicester', 'country': 'United Kingdom', 'latitude': 52.65391599077, 'longitude': -1.1319942407852, 'street': 'Exploration Drive', 'zip': 'LE4 5NS'}",54757196002
1423663,TRUE,48593,450542,4.7,11782,1423663,"Natural History Museum, London",History Museum,"{'city': 'London', 'country': 'United Kingdom', 'latitude': 51.496026579616, 'longitude': -0.1763391494751, 'street': 'Cromwell Road', 'zip': 'SW7 5BD'}",198081311536
3015,TRUE,166,4448,4.3,28,3015,The New Art Gallery Walsall,Art Gallery,"{'city': 'Walsall', 'country': 'United Kingdom', 'latitude': 52.585738124406, 'longitude': -1.9861083155793, 'street': 'Gallery Square', 'zip': 'WS2 8LG'}",188206635511
3079,TRUE,64,757,4.7,18,3079,"New Forest Centre, Lyndhurst",History Museum,"{'city': 'Lyndhurst', 'country': 'United Kingdom', 'latitude': 50.871912479399, 'longitude': -1.5749408808051, 'street': 'Main Car Park', 'zip': 'SO43 7NY'}",252492658184985
0,TRUE,0,1694,0,0,14366,New Walk Museum,Civilization Museum,"{'city': 'Leicester', 'country': 'United Kingdom', 'latitude': 52.6292, 'longitude': -1.1278, 'street': '53 New Walk', 'zip': 'LE1 7'}",135748576456785
5,TRUE,0,636,0,0,5,Newark Air Museum,History Museum,"{'city': 'Newark', 'country': 'United Kingdom', 'latitude': 53.10219, 'longitude': -0.78643, 'street': 'The Showground', 'zip': 'NG24 2NY'}",391917087598327
1876,TRUE,17,238,4.4,0,1876,Newarke Houses Museum,Landmark & Historical Place,"{'city': 'Leicester', 'country': 'United Kingdom', 'latitude': 52.6316, 'longitude': -1.13919, 'zip': 'LE1 5'}",184893404898507
29234,TRUE,534,2100,4.5,0,29234,Newstead Abbey,Park,"{'city': 'Nottingham', 'country': 'United Kingdom', 'latitude': 53.0784, 'longitude': -1.19294}",142480525763875
788,TRUE,74,1527,4.9,29,788,Norfolk and Suffolk Aviation Museum,Nonprofit Organization,"{'city': 'Bungay', 'country': 'United Kingdom', 'latitude': 52.433304179118, 'longitude': 1.3978922367096, 'street': 'The Street', 'zip': 'NR35 1NZ'}",262982640548694
60,TRUE,0,462,0,17,60,North Ings Farm Museum & Railway,History Museum,"{'city': 'Sleaford', 'country': 'United Kingdom', 'latitude': 53.065383147376, 'longitude': -0.37044525146484, 'street': 'Fen Road, Dorrington', 'zip': 'LN4 3QB'}",466861413395472
221,TRUE,37,1941,4.4,44,221,North Lincolnshire Museum,History Museum,"{'city': 'Scunthorpe', 'country': 'United Kingdom', 'latitude': 53.587154575442, 'longitude': -0.65433707763189, 'street': 'North Lincolnshire Museum, Oswald Road, Scunthorpe', 'zip': 'DN15 7BD'}",181515523084
26153,TRUE,653,7302,4.3,330,26153,Norwich Castle Museum & Art Gallery,History Museum,"{'city': 'Norwich', 'country': 'United Kingdom', 'latitude': 52.62831574091, 'longitude': 1.296187128407, 'street': 'Castle Meadow', 'zip': 'NR1 3JU'}",148479621858361
29468,TRUE,357,6833,4.1,636,29468,Nottingham Castle,Art Gallery,"{'city': 'Nottingham', 'country': 'United Kingdom', 'latitude': 52.9507103, 'longitude': -1.15334, 'street': 'Lenton Rd', 'zip': 'NG1 6EL'}",534646723228318
888,TRUE,31,499,4.9,9,888,Guildhall Museum Rochester,History Museum,"{'city': 'Rochester', 'country': 'United Kingdom', 'latitude': 51.3908773, 'longitude': 0.5029138, 'street': '17 High Street', 'zip': 'ME1 1PY'}",617577291692106
711,TRUE,41,630,5,33,711,Oriental Museum Durham University,History Museum,"{'city': 'Durham', 'country': 'United Kingdom', 'latitude': 54.76467, 'longitude': -1.58063, 'street': 'Oriental Museum, Elvet Hill Road', 'zip': 'DH13TH'}",600411023446387
0,TRUE,0,92,0,4,0,Owston Ferry Smithy & Heritage Centre,Community,"{'city': 'Owston Ferry', 'country': 'United Kingdom', 'street': 'High Street', 'zip': 'DN9 1RE'}",304074069775426
12,TRUE,0,1,0,0,12,Oxford Bus Museum Trust,Museum,"{'city': 'Witney', 'country': 'United Kingdom', 'latitude': 51.824626594914, 'longitude': -1.3906278755759, 'zip': 'OX29 8'}",851138521582462
13873,TRUE,325,3216,4.9,264,13873,Oxford University Museum of Natural History,College & University,"{'city': 'Oxford', 'country': 'United Kingdom', 'latitude': 51.75744, 'longitude': -1.25615, 'street': 'Parks Road', 'zip': 'OX1 3PW'}",397829380373265
28,TRUE,2,611,5,23,28,Padstow Museum,Museum,"{'city': 'Padstow', 'country': 'United Kingdom', 'latitude': 50.5413017, 'longitude': -4.93893, 'street': 'FREE ENTRY The Mens Institute,  Market Place', 'zip': 'PL28 8AL'}",531115703569599
1230,TRUE,105,2995,4.7,402,1230,Penlee House Gallery & Museum,Art Gallery,"{'city': 'Penzance', 'country': 'United Kingdom', 'latitude': 50.116456449687, 'longitude': -5.5402238294752, 'street': 'Morrab Road', 'zip': 'TR18 4HE'}",26540452768
13,TRUE,0,23,0,0,13,Penryn Museum,History Museum,"{'city': 'Penryn', 'country': 'United Kingdom', 'latitude': 50.1695561, 'longitude': -5.1015166}",132323426917595
14074,TRUE,398,9925,4.6,122,14074,People's History Museum,Public Service,"{'city': 'Manchester', 'country': 'United Kingdom', 'latitude': 53.481429641988, 'longitude': -2.2528861460421, 'street': 'Left Bank', 'zip': 'M3 3ER'}",285789211152
355,TRUE,16,265,4.4,1,355,"The Heritage Park, Pitstone Museum",Museum,"{'city': 'Pitstone', 'country': 'United Kingdom', 'latitude': 51.826519, 'longitude': -0.63371, 'street': 'Vicarage Road', 'zip': 'LU7 9EY'}",143729465699515
18913,TRUE,256,10961,4.9,309,18913,Pitt Rivers Museum,Art Museum,"{'city': 'Oxford', 'country': 'United Kingdom', 'latitude': 51.758638162358, 'longitude': -1.2557051319556, 'street': 'Parks Road', 'zip': 'OX1 3PW'}",274070199280543
211,TRUE,10,693,4.4,22,211,Pontefract Museum,Museum,"{'city': 'Pontefract', 'country': 'United Kingdom', 'latitude': 53.692161118333, 'longitude': -1.31165466, 'street': '5 Salter Row', 'zip': 'WF8 1BA'}",205363612826034
1317,TRUE,73,1151,4.5,52,1317,Poole Museum Service,Cafe,"{'city': 'Poole', 'country': 'United Kingdom', 'latitude': 50.712487063186, 'longitude': -1.9888618748647, 'street': '4 High Street', 'zip': 'BH15 1BW'}",146828735330609
3027,TRUE,46,174,4.7,0,3027,Port Sunlight Museum,Landmark & Historical Place,"{'city': 'Port Sunlight', 'country': 'United Kingdom', 'latitude': 53.3550547, 'longitude': -2.99842465}",128656653892865
282,TRUE,4,55,3,0,282,Dukinfield Junction,Sports Event,"{'city': 'Ashton-under-Lyne', 'country': 'United Kingdom', 'latitude': 53.4826, 'longitude': -2.0997, 'zip': 'OL7 0'}",113447145371369
5,TRUE,0,185,0,2,5,Potters Bar Museum,History Museum,"{'city': 'Potters Bar', 'country': 'United Kingdom', 'latitude': 51.6959114, 'longitude': -0.19286, 'street': 'Wyllyotts Centre, Darkes Lane,', 'zip': 'EN6 2HN'}",152855514809811
25694,TRUE,389,11479,4.7,609,25694,Preston Park Museum and Grounds,Park,"{'city': 'Stockton-on-Tees', 'country': 'United Kingdom', 'latitude': 54.535606875951, 'longitude': -1.341517350229, 'street': 'Preston Park, Yarm Rd', 'zip': 'TS18 3RJ'}",518124728247551
161,TRUE,14,702,4.9,84,161,Quaker Tapestry,History Museum,"{'city': 'Kendal', 'country': 'United Kingdom', 'latitude': 54.328726860325, 'longitude': -2.7432636193384, 'street': 'Friends Meeting House, Stramongate', 'zip': 'LA9 4BH'}",224929027566144
32,TRUE,12,761,5,138,32,Somerset Coalfield Life at Radstock Museum,History Museum,"{'city': 'Radstock', 'country': 'United Kingdom', 'latitude': 51.2929271, 'longitude': -2.447656335, 'street': 'The Market Hall Waterloo Rd', 'zip': 'BA3 3EP'}",1644873152422330
557,TRUE,45,2831,4.8,35,557,RAF Manston History Museum,History Museum,"{'city': 'Manston', 'country': 'United Kingdom', 'latitude': 51.34504, 'longitude': 1.37227, 'street': 'Manston Rd', 'zip': 'CT12 5DF'}",676839999055253
939,TRUE,29,1531,4.9,22,939,The Red House Museum,Art Gallery,"{'city': 'Christchurch, Dorset', 'country': 'United Kingdom', 'latitude': 50.732592520568, 'longitude': -1.7764055011331, 'street': 'Quay Road', 'zip': 'BH23 1BU'}",213083135531567
2,TRUE,0,7,0,1,2,Redbourn Village Museum,History Museum,"{'city': 'Redbourn', 'country': 'United Kingdom', 'latitude': 51.79569, 'longitude': -0.39795, 'street': 'Silk Mill House, The Common', 'zip': 'AL3 7NB'}",656669571100672
0,TRUE,0,5947,0,4,0,Richard III Leicester,Monarch,,148972455249593
47,TRUE,1,608,5,3,47,RNLI Henry Blogg Museum,Charity Organization,"{'city': 'Cromer', 'country': 'United Kingdom', 'latitude': 52.930999261559, 'longitude': 1.3042831420898, 'street': 'The Rocket House, The Gangway', 'zip': 'NR27 9ET'}",258564830823099
29,TRUE,1,8,5,0,29,Zetland,Landmark & Historical Place,"{'city': 'Redcar', 'country': 'United Kingdom', 'latitude': 54.6182, 'longitude': -1.06179, 'street': '60 Esplanade', 'zip': 'TS1 1'}",267779783304430
85,TRUE,0,15,0,0,85,The Robin Hood's Bay Ghost Walk,Tour Agency,"{'city': 'Whitby', 'country': 'United Kingdom', 'latitude': 54.4303073, 'longitude': -0.5328006}",370355366633107
158265,TRUE,5820,296018,4.5,39279,158265,Royal Academy of Arts,Art Gallery,"{'city': 'London', 'country': 'United Kingdom', 'latitude': 51.509024556618, 'longitude': -0.13954128615483, 'street': 'Burlington House, Piccadilly', 'zip': 'W1J 0'}",9833492414
158265,TRUE,5820,296018,4.5,39279,158265,Royal Academy of Arts,Art Gallery,"{'city': 'London', 'country': 'United Kingdom', 'latitude': 51.509024556618, 'longitude': -0.13954128615483, 'street': 'Burlington House, Piccadilly', 'zip': 'W1J 0'}",9833492414
19497,TRUE,837,14175,4.9,476,19497,"The Royal Air Force Museum, Cosford",Armed Forces,"{'city': 'Shifnal', 'country': 'United Kingdom', 'latitude': 52.6452699, 'longitude': -2.31139, 'street': 'Lysander Ave, Cosford', 'zip': 'TF11 8UP'}",19869991532
671,TRUE,23,860,4.9,0,671,Royal Air Force Museum London,Tour Agency,"{'city': 'London', 'country': 'United Kingdom', 'latitude': 51.598888888889, 'longitude': -0.23861111111111}",105596109474657
1582,TRUE,99,3557,4.6,62,1582,RAMM (Royal Albert Memorial Museum),History Museum,"{'city': 'Exeter', 'country': 'United Kingdom', 'latitude': 50.7252312, 'longitude': -3.5327001, 'street': 'Royal Albert Memorial Museum & Art Gallery, Queen Street', 'zip': 'EX4 3RX'}",45307587601
227,TRUE,2,277,5,0,227,Royal Birmingham Society of Artists,Art Gallery,"{'city': 'Birmingham', 'country': 'United Kingdom', 'latitude': 52.4849, 'longitude': -1.9075, 'street': '4  Brook Street', 'zip': 'B3 1SA'}",143050305709122
410,TRUE,31,1807,4.7,75,410,The Royal Green Jackets Museum,Nonprofit Organization,"{'city': 'Winchester', 'country': 'United Kingdom', 'latitude': 51.063071464883, 'longitude': -1.3208970257642, 'street': 'The Royal Green Jackets (Rifles) Museum, Peninsula Barracks, Romsey Road,', 'zip': 'SO23 8TS'}",1440773922819510
7,TRUE,1,2087,5,188,7,Royal Newfoundland Regiment Museum,History Museum,"{'city': ""St. John's, Newfoundland and Labrador"", 'country': 'Canada', 'latitude': 47.581837934509, 'longitude': -52.694828510284, 'state': 'NL', 'street': 'Main Lobby, Anthony W. Paddon Building,'}",787925361354053
75,TRUE,0,494,0,40,75,Royston & District Museum & Art Gallery,History Museum,"{'city': 'Royston', 'country': 'United Kingdom', 'latitude': 52.0492453, 'longitude': -0.0249927, 'street': '5 Lower King Street', 'zip': 'SG8 5AL'}",191455774358985
5764,TRUE,274,4832,4.6,181,5764,Russell-Cotes Art Gallery & Museum,Art Gallery,"{'city': 'Bournemouth', 'country': 'United Kingdom', 'latitude': 50.717532911529, 'longitude': -1.8709517240199, 'street': 'East Cliff Promenade', 'zip': 'BH1 3AA'}",134813583320729
546,TRUE,42,850,4.2,15,546,Rutland County Museum,Museum,"{'city': 'Oakham', 'country': 'United Kingdom', 'latitude': 52.667876824685, 'longitude': -0.72541953066338, 'street': 'Catmos Street', 'zip': 'LE15 6HW'}",101572443416
22,TRUE,0,37,0,1,22,Salcombe Maritime Museum,History Museum,"{'city': 'Salcombe', 'country': 'United Kingdom', 'latitude': 50.23930601, 'longitude': -3.76779806, 'street': 'Market Street', 'zip': 'TQ8 8DE'}",272114989604481
201,TRUE,16,290,4,16,201,Samuel Johnson Birthplace Museum & Bookshop,History Museum,"{'city': 'Lichfield', 'country': 'United Kingdom', 'latitude': 52.683395, 'longitude': -1.827879, 'street': 'Breadmarket Street', 'zip': 'WS13 6LG'}",158835897461037
1036,TRUE,38,1293,4.6,17,1036,Sarehole Mill,Tea Room,"{'city': 'Birmingham', 'country': 'United Kingdom', 'latitude': 52.434350759548, 'longitude': -1.8560028076172, 'street': 'Cole Bank Road', 'zip': 'B13 0BD'}",303006269787309
865,TRUE,26,461,4.5,1,865,Scaplen's Court,Museum,"{'city': 'Poole', 'country': 'United Kingdom', 'latitude': 50.712818844071, 'longitude': -1.9885882804246, 'street': 'High Street', 'zip': 'BH15 1BW'}",365049520205015
560774,TRUE,19622,192491,4.4,2819,560774,Science Museum,History Museum,"{'city': 'South Kensington', 'country': 'United Kingdom', 'latitude': 51.497402523438, 'longitude': -0.17453670501709, 'street': 'Exhibition Road, South Kensington', 'zip': 'SW7 2DD'}",7408594675
0,TRUE,0,0,0,0,0,Seaford Museum & Heritage Society,Landmark & Historical Place,"{'city': 'Seaford', 'country': 'United Kingdom', 'latitude': 50.768128, 'longitude': 0.102258, 'street': 'The Esplanade', 'zip': 'BN25 1JH'}",583269128502984
0,TRUE,120,1811,4.4,521,4460,"Segedunum Roman Fort, Baths & Museum",Interest,"{'city': 'Wallsend', 'country': 'United Kingdom', 'latitude': 54.988591, 'longitude': -1.5312178898617, 'street': 'Buddle St', 'zip': 'NE28 6HR'}",226939453998842
75,TRUE,9,746,4.9,160,75,Selly Manor,Museum,"{'city': 'Bournville', 'country': 'United Kingdom', 'latitude': 52.430713785672, 'longitude': -1.9343233108521, 'street': 'Maple Road', 'zip': 'B30 2AE'}",627215560635595
28514,TRUE,258,74037,4.7,302,28514,Serpentine Galleries,Art Gallery,"{'city': 'London', 'country': 'United Kingdom', 'latitude': 51.504508362752, 'longitude': -0.17484341832082, 'street': 'West Carriage Drive', 'zip': 'W2 3XA'}",34208319648
480,TRUE,49,3051,4.5,55,480,Shipley Art Gallery,Art Gallery,"{'city': 'Gateshead', 'country': 'United Kingdom', 'latitude': 54.95022940665, 'longitude': -1.6003027816933, 'street': 'Prince Consort Road', 'zip': 'NE8'}",9731777574
738,TRUE,26,638,4.8,3,738,Shipwreck Museum - Hastings,Nonprofit Organization,"{'city': 'Hastings', 'country': 'United Kingdom', 'latitude': 50.85611218749, 'longitude': 0.59560666836015, 'street': 'Rock-A-Nore Rd', 'zip': 'TN34 3DW'}",332907826842859
1006,TRUE,36,648,4.6,6,1006,Walsingham Abbey & The Shirehall Museum,History Museum,"{'city': 'Little Walsingham', 'country': 'United Kingdom', 'latitude': 52.893567, 'longitude': 0.875873, 'street': 'Common Place', 'zip': 'NR22 6BP'}",373416182736598
4745,TRUE,384,10581,4.8,123,4745,Sir John Soane's Museum,Museum,"{'city': 'London', 'country': 'United Kingdom', 'latitude': 51.516757723267, 'longitude': -0.11764546696258, 'street': ""13 Lincoln's Inn Fields"", 'zip': 'WC2A 3BP'}",54010359511
100,TRUE,6,10,4.7,0,100,Sir Max Aitken Museum,History Museum,"{'city': 'Cowes', 'country': 'United Kingdom', 'latitude': 50.763694, 'longitude': -1.2976967, 'street': '83  High Street', 'zip': 'PO31 7'}",116290285222576
1313,TRUE,66,2030,4.6,148,1313,The Stirling Smith Art Gallery and Museum,Charity Organization,"{'city': 'Stirling', 'country': 'United Kingdom', 'latitude': 56.1189742, 'longitude': -3.9467527, 'street': '40 Albert Pl', 'zip': 'FK8 2RQ'}",265368860163559
253,TRUE,31,664,4.8,26,253,Soldiers of Oxfordshire Museum,History Museum,"{'city': 'Woodstock', 'country': 'United Kingdom', 'latitude': 51.847839880688, 'longitude': -1.356808130589, 'street': 'Park St', 'zip': 'OX20 1SN'}",177856702235550
2,TRUE,2,12,3,0,2,South Ribble Borough Council,History Museum,"{'city': 'Leyland', 'country': 'United Kingdom', 'latitude': 53.688878, 'longitude': -2.695848, 'zip': 'PR25 3'}",1540334309602600
1542,TRUE,23,1739,4.6,80,1542,South Shields Museum & Art Gallery,Museum,"{'city': 'South Shields', 'country': 'United Kingdom', 'latitude': 54.998685195773, 'longitude': -1.4314896448365, 'street': 'Ocean Road', 'zip': 'NE33 2JA'}",148003501938544
1864,TRUE,52,354,4.8,0,1864,South Yorkshire Aircraft Museum,History Museum,"{'city': 'Doncaster', 'country': 'United Kingdom', 'latitude': 53.5142, 'longitude': -1.1093, 'street': 'Dakota Way'}",236964836331813
1542,TRUE,23,1739,4.6,80,1542,South Shields Museum & Art Gallery,Museum,"{'city': 'South Shields', 'country': 'United Kingdom', 'latitude': 54.998685195773, 'longitude': -1.4314896448365, 'street': 'Ocean Road', 'zip': 'NE33 2JA'}",148003501938544
74,TRUE,0,28,0,0,74,Spurn Lightship,History Museum,"{'city': 'Kingston upon Hull', 'country': 'United Kingdom', 'latitude': 53.7406, 'longitude': -0.338164, 'street': 'Castle Street'}",133264813380887
5,TRUE,0,2,0,0,5,St Agnes Museum Trust,Landmark & Historical Place,"{'city': 'St. Agnes, Cornwall and Isles of Scilly', 'latitude': 50.30278, 'longitude': -5.20298, 'street': 'Penwinnick Rd', 'zip': 'TR5 0PA'}",1034167846653400
31066,TRUE,300,1455,4.5,0,31066,St Bartholomew's Hospital,Hospital,"{'city': 'London', 'country': 'United Kingdom', 'latitude': 51.517461, 'longitude': -0.100128, 'street': 'West Smithfield', 'zip': 'EC1A 9'}",112712998742664
1584,TRUE,88,2573,4.5,11,1584,Stephenson Railway Museum,History Museum,"{'city': 'North Shields', 'country': 'United Kingdom', 'latitude': 55.016654704898, 'longitude': -1.4970497464998, 'street': 'Middle Engine Lane', 'zip': 'NE29 8DX'}",132709303472162
14,TRUE,0,7,0,0,14,Steyning Museum,Museum,"{'city': 'Steyning', 'country': 'United Kingdom', 'latitude': 50.8897209, 'longitude': -0.32548, 'zip': 'BN44 3'}",1489465981276380
693,TRUE,13,580,4.8,116,693,Stockport War Memorial Art Gallery,Art Gallery,"{'city': 'Stockport', 'country': 'United Kingdom', 'latitude': 53.40271, 'longitude': -2.15713, 'street': 'Wellington Road South', 'zip': 'SK3 8AB'}",1497111097258120
693,TRUE,13,580,4.8,116,693,Stockport War Memorial Art Gallery,Art Gallery,"{'city': 'Stockport', 'country': 'United Kingdom', 'latitude': 53.40271, 'longitude': -2.15713, 'street': 'Wellington Road South', 'zip': 'SK3 8AB'}",1497111097258120
7855,TRUE,152,679,4.6,0,7855,Streetlife Museum of Transport,Tour Agency,"{'city': 'Kingston upon Hull', 'country': 'United Kingdom', 'latitude': 53.7439, 'longitude': -0.329722, 'street': '36 High Street'}",108642292494400
0,TRUE,0,996,0,10,548,Belper North Mill,History Museum,"{'city': 'Belper', 'country': 'United Kingdom', 'latitude': 53.028632209468, 'longitude': -1.4862113730371, 'street': 'Bridge Foot', 'zip': 'DE561YD'}",274057012616978
68,TRUE,5,165,4.4,4,68,Sturminster Newton Museum and Mill Society,History Museum,"{'city': 'Sturminster Newton', 'country': 'United Kingdom', 'latitude': 50.925566428807, 'longitude': -2.3050345783997, 'street': '1 Old Market Cross House, Market Cross', 'zip': 'DT10 1AN'}",493446270709451
14414,TRUE,445,5659,4.2,95,14414,Sunderland Museum & Winter Gardens,Art Gallery,"{'city': 'Sunderland', 'country': 'United Kingdom', 'latitude': 54.904274685994, 'longitude': -1.3802742543661, 'street': 'Burdon Rd', 'zip': 'SR1 1PP'}",164302850249185
3,TRUE,0,0,0,0,3,Swalcliffe Barn,Museum,"{'latitude': 52.038609, 'longitude': -1.451709, 'zip': 'OX15 5DR'}",161894030638262
24,TRUE,12,894,4.7,2,24,Swanage Museum,History Museum,"{'city': 'Swanage', 'country': 'United Kingdom', 'latitude': 50.60825702, 'longitude': -1.95609023, 'street': 'The Square', 'zip': 'BH19 2LJ'}",327007204073492
5827,TRUE,270,1372,4.7,37,5827,Tangmere Military Aviation Museum,History Museum,"{'city': 'Chichester', 'country': 'United Kingdom', 'latitude': 50.846938688446, 'longitude': -0.71497427547297, 'street': 'Gamecock Terrace', 'zip': 'PO20 2ES'}",1401853633454560
494189,TRUE,34085,1130980,4.5,32048,494189,Tate,Art Gallery,"{'city': 'London', 'country': 'United Kingdom', 'latitude': 51.50819, 'longitude': -0.09534, 'street': 'Bankside', 'zip': 'SE1 9'}",20134383992
58643,TRUE,2107,58803,4.3,408,58643,Tate Liverpool,Art Gallery,"{'city': 'Liverpool', 'country': 'United Kingdom', 'latitude': 53.400753211152, 'longitude': -2.9933327823962, 'street': 'Albert Dock', 'zip': 'L3 4BB'}",46247022225
318898,TRUE,147,110566,4.7,0,318898,Tate Modern,Art Museum,"{'city': 'London', 'country': 'United Kingdom', 'latitude': 51.507777777778, 'longitude': -0.099166666666667, 'zip': 'SE1 9'}",103093513063670
3145,TRUE,0,10809,0,261,3145,Tate St. Ives,Art Gallery,"{'city': 'Saint Ives', 'country': 'United Kingdom', 'latitude': 50.21467, 'longitude': -5.4840799, 'street': 'Porthmeor', 'zip': 'TR26 1TG'}",114420528572976
128,TRUE,7,476,4.7,2,128,Teign Heritage - Teignmouth & Shaldon Museum,History Museum,"{'city': 'Teignmouth', 'country': 'United Kingdom', 'latitude': 50.547360743521, 'longitude': -3.493745011621, 'street': '29 French Street', 'zip': 'TQ14 8ST'}",430793900333506
14594,TRUE,183,8235,4.7,743,14594,Temple Newsam Estate,Landmark & Historical Place,"{'city': 'Leeds', 'country': 'United Kingdom', 'latitude': 53.785263193053, 'longitude': -1.4581990242004, 'street': 'Temple Newsam', 'zip': 'LS15 0AE'}",559926654022634
52,TRUE,1,125,5,0,52,Tetbury Police Museum and Courtroom,Nonprofit Organization,"{'city': 'Tetbury', 'country': 'United Kingdom', 'latitude': 51.638960739497, 'longitude': -2.1617310425438, 'street': '63 Long Street', 'zip': 'GL8 8AA'}",247080042092039
13124,TRUE,308,3836,4.5,82,13124,Thackray Museum,Museum,"{'city': 'Leeds', 'country': 'United Kingdom', 'latitude': 53.808124257962, 'longitude': -1.5184383633568, 'street': 'Beckett Street', 'zip': 'LS9 7LN'}",134737636552936
22,TRUE,2,75,5,0,22,Thame Museum,Museum,"{'city': 'Thame', 'country': 'United Kingdom', 'latitude': 51.749071655, 'longitude': -0.98094094, 'street': '79 High Street', 'zip': 'OX9 3AE'}",766202096820256
27,TRUE,1,213,5,1,27,The Museum of the Adjutant General's Corps,Museum,"{'city': 'Winchester', 'country': 'United Kingdom', 'latitude': 51.05970025, 'longitude': -1.3250243142857, 'street': 'Peninsula Barracks, Romsey Road', 'zip': 'SO23 8TS'}",125274157508848
1,TRUE,3,54,5,0,1,Aldeburgh Contemporary Arts,Art Gallery,"{'city': 'Aldeburgh', 'country': 'United Kingdom', 'latitude': 52.150059804451, 'longitude': 1.6007670328058, 'street': '187 High Street', 'zip': 'IP15 5AL'}",247877335414314
25,TRUE,6,517,4.8,9,25,"The Beacon Museum, Whitehaven",Museum,"{'city': 'Whitehaven', 'country': 'United Kingdom', 'latitude': 54.54853, 'longitude': -3.59408, 'street': 'West Strand, Whitehaven', 'zip': 'ca287ly'}",363663244065184
2423,TRUE,90,3445,4.5,62,2423,The Beaney,Library,"{'city': 'Canterbury', 'country': 'United Kingdom', 'latitude': 51.2796088, 'longitude': 1.0792743, 'street': '18 High Street', 'zip': 'CT1 2RA'}",146845808764572
88778,TRUE,15604,315388,4.7,5255,88778,The Beatles Story,Tour Agency,"{'city': 'Liverpool', 'country': 'United Kingdom', 'latitude': 53.399267053383, 'longitude': -2.9910696349147, 'street': 'Albert Dock', 'zip': 'L3 4AD'}",160822617367734
0,TRUE,751,12117,4.6,235,10193,The Charles Dickens Museum,Interest,"{'city': 'London', 'country': 'United Kingdom', 'latitude': 51.5236482, 'longitude': -0.1163693, 'street': '48 Doughty Street', 'zip': 'WC1N 2LX'}",168328346517391
15186,TRUE,902,47183,4.7,1014,15186,The Courtauld Gallery,Art Gallery,"{'city': 'London', 'country': 'United Kingdom', 'latitude': 51.51140184598, 'longitude': -0.11744650345458, 'street': 'Somerset House, Strand', 'zip': 'WC2R 0RN'}",86240629660
872,TRUE,27,3364,4.5,41,872,The Devon Guild of Craftsmen,Art Gallery,"{'city': 'Bovey Tracey', 'country': 'United Kingdom', 'latitude': 50.59174, 'longitude': -3.67598, 'street': 'Devon Guild of Craftsmen, Fore St.', 'zip': 'TQ13 9AF'}",65969175737
2855,TRUE,75,3349,4.8,42,2855,"The Fusilier Museum, Lancashire",History Museum,"{'city': 'Bury', 'country': 'United Kingdom', 'latitude': 53.59221047426, 'longitude': -2.2984901749133, 'street': 'Moss St', 'zip': 'BL9 0DF'}",173363989470
6329,TRUE,176,5466,4.7,220,6329,The Helicopter Museum (Official),History Museum,"{'city': 'Weston-super-Mare', 'country': 'United Kingdom', 'latitude': 51.339498912055, 'longitude': -2.9307427201472, 'street': 'Locking Moor Road', 'zip': 'BS24 8PP'}",184447451591982
18156,TRUE,706,24567,4.3,1444,18156,The Hepworth Wakefield,Art Gallery,"{'city': 'Wakefield', 'country': 'United Kingdom', 'latitude': 53.676073430783, 'longitude': -1.4917015714169, 'street': 'Gallery Walk', 'zip': 'WF1 5AW'}",372833059295
201,TRUE,28,1208,4.7,105,201,"The Infirmary, Worcester (UK)",Medical & Health,"{'city': 'Worcester', 'country': 'United Kingdom', 'latitude': 52.195729940677, 'longitude': -2.2259285271892, 'street': 'City Campus, University of Worcester, Castle Street', 'zip': 'WR1 3AS'}",145220818904443
2248,TRUE,87,2272,4.5,95,2248,The Lightbox,Art Gallery,"{'city': 'Woking', 'country': 'United Kingdom', 'latitude': 51.321409374306, 'longitude': -0.55922570407957, 'street': 'The Lightbox, Chobham Road', 'zip': 'GU21 4AA'}",78813389633
2967,TRUE,100,364,4.5,0,2967,Muckleburgh Tank Museum,Landmark & Historical Place,"{'city': 'Weybourne', 'country': 'United Kingdom', 'latitude': 52.945081380557, 'longitude': 1.1308857975104, 'zip': 'NR25 7'}",156159714438552
1168,TRUE,65,1381,4.7,60,1168,The Museum in the Park,History Museum,"{'city': 'Stroud', 'country': 'United Kingdom', 'latitude': 51.749657342114, 'longitude': -2.2238851209609, 'street': 'The Museum in the Park, Stratford Park', 'zip': 'GL5 4AF'}",203175133040521
4725,TRUE,240,4710,4.7,173,4725,The Museum of Somerset,History Museum,"{'city': 'Taunton', 'country': 'United Kingdom', 'latitude': 51.015701670177, 'longitude': -3.1046888683066, 'street': 'Castle Green', 'zip': 'TA1 4AA'}",146425708779693
20617,TRUE,330,2118,4.6,0,20617,Natural History Museum at Tring,Landmark & Historical Place,"{'city': 'Tring', 'country': 'United Kingdom', 'latitude': 51.7908, 'longitude': -0.661368, 'zip': 'CO1 1'}",113338152010017
0,TRUE,2,3418,5,21,0,New Ashgate Gallery,Art Gallery,"{'city': 'Farnham', 'country': 'United Kingdom', 'street': 'Waggon Yard', 'zip': 'GU9 7PS'}",210556058971166
4022,TRUE,138,2250,4.9,134,4022,Observatory Science Centre,Charity Organization,"{'city': 'Herstmonceux', 'country': 'United Kingdom', 'latitude': 50.869886934109, 'longitude': 0.3459235707588, 'street': 'Wartling Road', 'zip': 'BN27 1RN'}",452060898255717
0,TRUE,0,221,0,2,0,Smithy Heritage Centre,Community,,397383713680387
0,TRUE,0,490,0,10,0,Peace Museum Bradford,Nonprofit Organization,"{'city': 'Bradford', 'street': '10 Piece Hall Yard', 'zip': 'BD1 1PJ'}",1612665945663650
1355,TRUE,101,1253,4.8,6,1355,The Pen Museum,Nonprofit Organization,"{'city': 'Birmingham', 'country': 'United Kingdom', 'latitude': 52.484656617966, 'longitude': -1.9115539622401, 'street': '60 Frederick Street', 'zip': 'B1 3HS'}",147631541949566
172,TRUE,1,69,5,0,172,Piddington Roman Villa,Landmark & Historical Place,"{'city': 'Northampton', 'country': 'United Kingdom', 'latitude': 52.184, 'longitude': -0.824, 'zip': 'NN7 2'}",112606455420049
105,TRUE,6,865,4.5,114,105,The Queen's Royal Lancers and Nottinghamshire Yeomanry Museum,History Museum,"{'city': 'Newark', 'country': 'United Kingdom', 'latitude': 53.233765125517, 'longitude': -1.0296057925566, 'street': 'QRLNY Museum,Thoresby Courtyard, Thoresby Park', 'zip': 'NG22 9EP'}",736618963119833
3402,TRUE,128,2076,4.6,91,3402,"The Ropewalk, Barton upon Humber",Art Gallery,"{'city': 'Barton upon Humber', 'country': 'United Kingdom', 'latitude': 53.692127372357, 'longitude': -0.44251450038225, 'street': 'Maltkiln Road', 'zip': 'DN18 5JT'}",193762980654304
4,TRUE,1,122,5,27,4,The Ruskin Museum,Nonprofit Organization,"{'city': 'Coniston', 'country': 'United Kingdom', 'latitude': 54.370221111726, 'longitude': -3.0755281448364, 'street': 'Yewdale Road', 'zip': 'LA21 8DU'}",345575902483304
7132,TRUE,483,8724,4.7,1343,7132,The Sculpture Park,Art Gallery,"{'city': 'Farnham', 'country': 'United Kingdom', 'latitude': 51.146972996716, 'longitude': -0.7553549847109, 'street': 'Jumps Road, Churt, Farnham, Surrey', 'zip': 'GU10 2LH'}",175807376919
637,TRUE,52,1143,4.6,31,637,Sedgwick Museum of Earth Sciences,Museum,"{'city': 'Cambridge', 'country': 'United Kingdom', 'latitude': 52.20317229386, 'longitude': 0.1218789842942, 'street': 'Downing Street', 'zip': 'CB2 3EQ'}",177864458951903
112,TRUE,3,42,5,0,112,The Shoe Museum,Museum,"{'city': 'Street', 'country': 'United Kingdom', 'latitude': 51.129, 'longitude': -2.7394, 'zip': 'BA16 0'}",104049149632788
120,TRUE,10,1823,4.7,43,120,The Stained Glass Museum,Art Museum,"{'city': 'Ely', 'country': 'United Kingdom', 'latitude': 52.399124857143, 'longitude': 0.26309881142857, 'street': 'Ely Cathedral', 'zip': 'CB7 4DL'}",216839176531
34,TRUE,0,13,0,0,34,The Stanley & Audrey Burton Gallery,Art Gallery,"{'city': 'Leeds', 'country': 'United Kingdom', 'latitude': 53.80760099, 'longitude': -1.5521977366667}",319960728102490
69150,TRUE,7407,283083,4.8,5615,69150,The Tank Museum,History Museum,"{'city': 'Wareham', 'country': 'United Kingdom', 'latitude': 50.69469466454, 'longitude': -2.2431980101815, 'street': 'Bovington, Dorset', 'zip': 'BH20 6JG'}",313488960841
1,TRUE,3,82,3.3,0,1,Trenchard Museum,Education,"{'city': 'Wendover', 'country': 'United Kingdom', 'latitude': 51.76626027, 'longitude': -0.73553601, 'street': 'RAF Halton', 'zip': 'HP22 5PG'}",404579633036153
58257,TRUE,1330,11880,4.3,129,58257,"Thinktank, Birmingham Science Museum",Planetarium,"{'city': 'Birmingham', 'country': 'United Kingdom', 'latitude': 52.482788633205, 'longitude': -1.8860065230589, 'street': 'Millennium Point, Curzon Street', 'zip': 'B4 7XG'}",34341416729
33,TRUE,3,296,5,0,33,Thirsk Museum,History Museum,"{'city': 'Thirsk', 'country': 'United Kingdom', 'latitude': 54.23498763, 'longitude': -1.34503604, 'street': '14 - 16 Kirkgate', 'zip': 'YO7 1PQ'}",549409998462630
42,TRUE,0,6,0,0,42,Thorney Heritage Museum,History Museum,"{'city': 'Peterborough', 'country': 'United Kingdom', 'latitude': 52.623293995857, 'longitude': -0.10716497898102, 'zip': 'PE6 0QE'}",338773269544317
4033,TRUE,98,2136,4.4,13,4033,Thwaite Mills Watermill Museum,History Museum,"{'city': 'Leeds', 'country': 'United Kingdom', 'latitude': 53.77576668902, 'longitude': -1.504590511322, 'street': 'Thwaite Lane, Stourton', 'zip': 'LS10 1RP'}",114439911947843
189,TRUE,34,622,4.6,19,189,The Tiverton Museum of Mid Devon Life,History Museum,"{'city': 'Tiverton', 'country': 'United Kingdom', 'latitude': 50.901507476251, 'longitude': -3.4878416075834, 'street': ""Beck's Square"", 'zip': 'EX16 6PJ'}",112456265434670
0,TRUE,0,0,0,0,0,Toad Hole Cottage Museum,History Museum,"{'city': 'Great Yarmouth', 'latitude': 52.71678, 'longitude': 1.51203, 'street': 'How Hill', 'zip': 'NR29 5PG'}",944403879013117
25,TRUE,3,75,4.7,0,25,Tolsey Museum Burford,History Museum,"{'city': 'Burford', 'country': 'United Kingdom', 'latitude': 51.8072757, 'longitude': -1.637047, 'street': '126 High Street', 'zip': 'OX18 4QU'}",324487977736021
2,TRUE,0,0,0,0,2,Tom Brown's School Museum,Museum,"{'city': 'Faringdon', 'country': 'United Kingdom', 'latitude': 51.6025006, 'longitude': -1.56229, 'zip': 'SN7 7RA'}",216376782132980
0,TRUE,0,182,0,1,0,Totnes Fashion & Textiles Museum,Travel Company,,216358841803877
4924,TRUE,132,1891,4.6,95,4924,"Towneley Hall, Historic House, Art Gallery & Museum",Art Gallery,"{'city': 'Burnley', 'country': 'United Kingdom', 'latitude': 53.77438379638, 'longitude': -2.2221857878982, 'street': 'Townley Hall, Burnley', 'zip': 'BB11 3RQ'}",138243602892249
254,TRUE,12,673,5,49,254,Trowbridge Museum,Education,"{'city': 'Trowbridge', 'country': 'United Kingdom', 'latitude': 51.320625173077, 'longitude': -2.2091943438462, 'street': 'The Shires', 'zip': 'BA14 8AT'}",788894371160127
1031,TRUE,12,578,4.8,59,1031,Turner-Dodge House & Heritage Center,Community Center,"{'city': 'Lansing', 'country': 'United States', 'latitude': 43.580390855608, 'longitude': -85.078125, 'state': 'MI', 'street': '100 East North Street', 'zip': '48906'}",161604230535689
1027392,TRUE,7753,21263,4.5,0,1027392,Twickenham Stadium,"Stadium, Arena & Sports Venue","{'city': 'Twickenham', 'country': 'United Kingdom', 'latitude': 51.456111111111, 'located_in': '106078429431815', 'longitude': -0.34166666666667, 'street': 'Whitton Rd', 'zip': 'TW2 7BA'}",109410979078489
2,TRUE,0,0,0,0,2,University of Liverpool Art Gallery,Art Gallery,"{'city': 'Liverpool', 'country': 'United Kingdom', 'latitude': 53.40731, 'longitude': -2.96624, 'zip': 'L69 7'}",131659527232080
44,TRUE,0,6,0,0,44,Upton Hall,Landmark & Historical Place,"{'city': 'Newark', 'country': 'United Kingdom', 'latitude': 53.0827, 'longitude': -0.904158}",143405902339096
152,TRUE,25,891,4.6,92,152,Vale & Downland Museum,History Museum,"{'city': 'Wantage', 'country': 'United Kingdom', 'latitude': 51.588109772158, 'longitude': -1.4281339268673, 'street': 'Church Street', 'zip': 'OX12 8BL'}",103100633094299
599477,TRUE,29724,603214,4.7,13355,599477,Victoria and Albert Museum,Museum,"{'city': 'South Kensington', 'country': 'United Kingdom', 'latitude': 51.496670878842, 'longitude': -0.17220340142995, 'street': 'Cromwell Road, South Kensington', 'zip': 'SW7 2RL'}",13987918879
2943,TRUE,89,4004,4.4,55,2943,Victoria Art Gallery,Art Gallery,"{'city': 'Bath', 'country': 'United Kingdom', 'latitude': 51.382782890703, 'longitude': -2.3584584206405, 'street': 'Bridge Street', 'zip': 'BA2 4AT'}",335012650362
2635,TRUE,116,2508,4.7,109,2635,Victoria Gallery and Museum,Art Gallery,"{'city': 'Liverpool', 'country': 'United Kingdom', 'latitude': 53.406152790301, 'longitude': -2.9664483498758, 'street': 'Ashton Street, University of Liverpool', 'zip': 'L69 3DR'}",279658527150
554,TRUE,23,982,4.6,11,554,Wakefield Museum,Museum,"{'city': 'Wakefield', 'country': 'United Kingdom', 'latitude': 53.6841641, 'longitude': -1.5030816, 'street': 'Burton St', 'zip': 'WF1 2DD'}",38589173802
658,TRUE,41,1552,4.5,56,658,Walford Mill Crafts,Art Gallery,"{'city': 'Wimborne Minster', 'country': 'United Kingdom', 'latitude': 50.805224066984, 'longitude': -1.9883858569835, 'street': 'Walford Mill Craft Centre, Stone Lane', 'zip': 'BH21 1NL'}",12656500972
25443,TRUE,1080,17527,4.6,1446,25443,Walker Art Gallery,Art Gallery,"{'city': 'Liverpool', 'country': 'United Kingdom', 'latitude': 53.409870903385, 'longitude': -2.9795470098258, 'street': 'William Brown Street', 'zip': 'L3 8EL'}",127158723532
39121,TRUE,1447,76006,4.7,2178,39121,The Wallace Collection,Art Museum,"{'city': 'London', 'country': 'United Kingdom', 'latitude': 51.517201281019, 'longitude': -0.15295850247445, 'street': 'Hertford House, Manchester Square', 'zip': 'W1U 3BN'}",62009826864
21,TRUE,5,113,4.6,0,21,Wallingford Museum,History Museum,"{'city': 'Wallingford', 'country': 'United Kingdom', 'latitude': 51.6011173, 'longitude': -1.1289005, 'street': 'Flint House, 52 High Street', 'zip': 'OX10 0'}",146299578742100
15,TRUE,2,95,5,4,15,Wareham Town Museum,History Museum,"{'city': 'Wareham', 'country': 'United Kingdom', 'latitude': 50.686865372879, 'longitude': -2.1090375909983, 'street': 'Town Hall East St', 'zip': 'BH20 4NS'}",1465694823660010
114,TRUE,2,19,5,0,114,Warminster Library & Museum,Library,"{'city': 'Warminster', 'country': 'United Kingdom', 'latitude': 51.205831077366, 'longitude': -2.1795966873362, 'street': 'Three Horseshoes Walk', 'zip': 'BA12 9BT'}",144263718949049
10,TRUE,2,16,5,0,10,Market House Museum,Landmark & Historical Place,"{'city': 'Watchet', 'country': 'United Kingdom', 'latitude': 51.1795, 'longitude': -3.3242}",109607862398874
1314,TRUE,92,3543,4.7,50,1314,Wellingborough Museum,Community Organization,"{'city': 'Wellingborough', 'country': 'United Kingdom', 'latitude': 52.299843982232, 'longitude': -0.68922215727093, 'street': '12 Castle Way', 'zip': 'NN8 1XB'}",129210210423718
0,TRUE,0,1198,0,12,0,Wellington Aviation Museum,Community,"{'city': 'Moreton in Marsh', 'country': 'United Kingdom', 'zip': 'GL56 0BG'}",588985887865588
4955,TRUE,135,5955,4.7,974,4955,Wellington Museum,History Museum,"{'city': 'Wellington', 'country': 'New Zealand', 'latitude': -41.28522, 'longitude': 174.77803, 'street': '3 Jervois Quay', 'zip': '6011'}",88846974738
204,TRUE,4,400,4.8,17,204,Wells & Mendip Museum,Nonprofit Organization,"{'city': 'Wells', 'country': 'United Kingdom', 'latitude': 51.210741503405, 'longitude': -2.6447868347168, 'street': '8 Cathedral Green', 'zip': 'BA5 2UE'}",139740956058842
184,TRUE,22,832,4.5,2,184,Whipple Museum of the History of Science,History Museum,"{'city': 'Cambridge', 'country': 'United Kingdom', 'latitude': 52.202822906236, 'longitude': 0.11922225781696, 'street': 'Free School Lane', 'zip': 'CB2 3RH'}",208159975893834
56,TRUE,5,289,4.2,8,56,Whitchurch Heritage Centre,Museum,"{'city': 'Whitchurch', 'country': 'United Kingdom', 'latitude': 52.96992, 'longitude': -2.68306, 'street': '12 St Marys Street', 'zip': 'SY13 1QY'}",226206437392504
3,TRUE,0,21,0,0,3,Whitstable Museum & Gallery,Art Gallery,"{'city': 'Whitstable', 'country': 'United Kingdom', 'latitude': 51.356720865254, 'longitude': 1.024511782579, 'street': 'Oxford Street', 'zip': 'CT5 1DB'}",1397808057163230
121,TRUE,14,521,4.9,46,121,Wigston framework knitters museum,History Museum,"{'city': 'Wigston Magna', 'country': 'United Kingdom', 'latitude': 52.583189502826, 'longitude': -1.1108611763213, 'street': '42-44 Bushloe end', 'zip': 'LE18 2BA'}",155998304569224
1227,TRUE,24,100,4,0,1227,Wilberforce House Museum,Landmark & Historical Place,"{'city': 'Kingston upon Hull', 'country': 'United Kingdom', 'latitude': 53.744185151618, 'longitude': -0.3300207107738, 'street': '23-25 High Street', 'zip': 'HU1 1PS'}",108855315840396
2276,TRUE,29,303,4.8,0,2276,Wimbledon Lawn Tennis Museum,Museum,"{'city': 'London', 'country': 'United Kingdom', 'latitude': 51.434722222222, 'longitude': -0.21333333333333}",109391609087822
1762,TRUE,33,605,4.4,2,1762,Wimbledon Windmill Museum,Museum,"{'city': 'London', 'country': 'United Kingdom', 'latitude': 51.437751701765, 'longitude': -0.2316717089673, 'street': 'Windmill Road', 'zip': 'SW19 5NR'}",129889270368335
12,TRUE,1,6,5,0,12,Winchcombe Folk & Police Museum,Museum,"{'city': 'Cheltenham', 'country': 'United Kingdom', 'latitude': 51.95350764, 'longitude': -1.96393825, 'zip': 'GL54 5'}",1489545817940040
0,TRUE,0,0,0,0,0,Winchelsea Court Hall Museum,Museum,"{'city': 'Winchelsea', 'country': 'United Kingdom', 'latitude': 50.9236372, 'longitude': 0.7086998}",677379912439166
1472,TRUE,39,502,4.7,17,1472,Winchester City Mill - National Trust,Museum,"{'city': 'Winchester', 'country': 'United Kingdom', 'latitude': 51.061089308788, 'longitude': -1.3078459178788, 'street': 'Bridge Street', 'zip': 'SO23 9BH'}",168826403242026
2854,TRUE,122,1118,4.5,40,2854,Withernsea Lighthouse,Travel & Transportation,"{'city': 'Withernsea', 'country': 'United Kingdom', 'latitude': 53.731007768224, 'longitude': 0.028719274365759, 'street': 'Hull Road', 'zip': 'HU19 2DY'}",143793480201
64,TRUE,3,323,4.3,0,64,Witney Museum,Community Organization,"{'city': 'Witney', 'country': 'United Kingdom', 'latitude': 51.788017953651, 'longitude': -1.4848999092108, 'street': 'Gloucester Court Mews, 75 High Street', 'zip': 'OX28 6JA'}",226704360675375
2,TRUE,2,268,5,0,2,Wollaston Museum,History Museum,"{'city': 'Wollaston', 'country': 'United Kingdom', 'latitude': 52.2572139, 'longitude': -0.6713923, 'street': '102 High Street', 'zip': 'NN29 7RJ'}",135891109890481
136714,TRUE,1991,16675,4.5,727,136714,Wollaton Hall and Deer Park,Park,"{'city': 'Nottingham', 'country': 'United Kingdom', 'latitude': 52.95318862053, 'longitude': -1.2435150146484, 'street': 'Wollaton Park', 'zip': 'NG8 2AE'}",172492426141169
172,TRUE,6,269,4.8,1,172,Woodhall Spa Cottage Museum,History Museum,"{'city': 'Woodhall Spa', 'country': 'United Kingdom', 'latitude': 53.153362064286, 'longitude': -0.21136228142857, 'street': 'Iddesleigh Rd', 'zip': 'LN10 6SH'}",581514268534558
58351,TRUE,1586,22484,4.5,2867,58351,World Museum,Museum,"{'city': 'Liverpool', 'country': 'United Kingdom', 'latitude': 53.409597785428, 'longitude': -2.9816314504346, 'street': 'William Brown Street', 'zip': 'L3 8EN'}",267369845716
70,TRUE,6,473,5,19,70,Wymondham Heritage Museum,History Museum,"{'city': 'Wymondham', 'country': 'United Kingdom', 'latitude': 52.570421698616, 'longitude': 1.116269437425, 'street': '10 The Bridewell, Norwich Road', 'zip': 'NR18 0NS'}",208832842650454
0,TRUE,0,3109,0,217,0,York Castle Museum,Museum/Art Gallery,"{'city': 'York', 'country': 'United Kingdom', 'street': 'Eye of York', 'zip': 'YO1 9RY'}",155463267798249
7252,TRUE,167,3440,4.4,56,7252,York Art Gallery,Art Gallery,"{'city': 'York', 'country': 'United Kingdom', 'latitude': 53.962713035521, 'longitude': -1.08584052, 'street': 'Exhibition Square', 'zip': 'YO1 7EW'}",157209690975608
5940,TRUE,179,583,4.4,0,5940,Yorkshire Museum,Landmark & Historical Place,"{'city': 'York', 'country': 'United Kingdom', 'latitude': 53.9618, 'longitude': -1.08744, 'zip': 'YO1 7'}",103096049731107
98910,TRUE,3124,38924,4.5,1318,98910,Yorkshire Sculpture Park,Museum,"{'city': 'Wakefield', 'country': 'United Kingdom', 'latitude': 53.613592219247, 'longitude': -1.5707057710763, 'street': 'West Bretton, Wakefield, West Yorkshire, WF4 4LG', 'zip': 'WF4 4LG'}",36067458380
,,,,,,,,,,
,,,,,,,,,,
